Transaction Date,Description, Amount ,Method of Purchase,Budget,Tags
1/1/2019,Description Removed,8.75,Credit Card 2,Uncategorized,
1/1/2019,Description Removed,194.64,Credit Card 1,Uncategorized,
1/1/2019,Description Removed,19.01,Credit Card 1,Uncategorized,
1/2/2019,Description Removed,75.15,Credit Card 1,Uncategorized,
1/2/2019,Description Removed,38.68,Credit Card 1,Uncategorized,
1/2/2019,Description Removed,895,Bank,Uncategorized,
1/2/2019,Description Removed,5.34,Credit Card 1,Uncategorized,
1/3/2019,Description Removed,3.99,Credit Card 1,Uncategorized,
1/3/2019,Description Removed,5.34,Credit Card 1,Uncategorized,
1/4/2019,Description Removed,3.87,Credit Card 1,Uncategorized,
1/5/2019,Description Removed,41.86,Credit Card 1,Uncategorized,
1/5/2019,Description Removed,24.18,Credit Card 1,Uncategorized,
1/5/2019,Description Removed,5.29,Cash,Uncategorized,
1/6/2019,Description Removed,19.84,Credit Card 1,Uncategorized,
1/6/2019,Description Removed,5.29,Cash,Uncategorized,
1/7/2019,Description Removed,5.34,Cash,Uncategorized,
1/7/2019,Description Removed,7.99,Credit Card 1,Uncategorized,
1/8/2019,Description Removed,24.3,Credit Card 1,Uncategorized,
1/9/2019,Description Removed,3.84,Credit Card 1,Uncategorized,
1/9/2019,Description Removed,4.28,Credit Card 1,Uncategorized,
1/10/2019,Description Removed,31.05,Credit Card 1,Uncategorized,
1/10/2019,Description Removed,5.34,Cash,Uncategorized,
1/11/2019,Description Removed,6.42,Credit Card 1,Uncategorized,
1/13/2019,Description Removed,14.99,Credit Card 1,Uncategorized,
1/13/2019,Description Removed,4.99,Credit Card 1,Uncategorized,
1/15/2019,Description Removed,26.45,Credit Card 1,Uncategorized,
1/15/2019,Description Removed,6.42,Credit Card 1,Uncategorized,
1/16/2019,Description Removed,39.75,Credit Card 1,Uncategorized,
1/18/2019,Description Removed,59.95,Credit Card 2,Uncategorized,
1/18/2019,Description Removed,61.44,Credit Card 1,Uncategorized,
1/18/2019,Description Removed,5.29,Credit Card 1,Uncategorized,
1/18/2019,WATER,24.16,Bank,Uncategorized,
1/19/2019,Description Removed,21.41,Credit Card 1,Uncategorized,
1/20/2019,Description Removed,17.79,Credit Card 1,Uncategorized,
1/21/2019,Description Removed,30.08,Credit Card 1,Uncategorized,
1/21/2019,Description Removed,17.74,Credit Card 1,Uncategorized,
1/21/2019,SEWAGE,8.13,Credit Card 2,Uncategorized,
1/23/2019,ELECTRIC,73.83,Credit Card 2,Uncategorized,
1/23/2019,Description Removed,6.42,Credit Card 1,Uncategorized,
1/26/2019,Description Removed,16.96,Credit Card 1,Uncategorized,
1/26/2019,Description Removed,0.75,Credit Card 2,Uncategorized,
1/26/2019,Description Removed,0.31,Credit Card 1,Uncategorized,
1/26/2019,Description Removed,20,Credit Card 1,Uncategorized,
1/28/2019,Description Removed,12,Credit Card 1,Uncategorized,
1/28/2019,Description Removed,29.52,Credit Card 1,Uncategorized,
1/28/2019,Description Removed,5.29,Credit Card 1,Uncategorized,
1/31/2019,Description Removed,20.57,Credit Card 1,Uncategorized,
2/1/2019,Description Removed,10.52,Credit Card 2,Uncategorized,
2/1/2019,Description Removed,194.64,Credit Card 1,Uncategorized,
2/1/2019,Description Removed,895,Bank,Uncategorized,
2/3/2019,Description Removed,26.07,Credit Card 1,Uncategorized,
2/3/2019,Description Removed,44.21,Credit Card 1,Uncategorized,
2/6/2019,Description Removed,22.71,Credit Card 1,Uncategorized,
2/7/2019,Description Removed,25.71,Credit Card 1,Uncategorized,
2/7/2019,Description Removed,12.38,Credit Card 1,Uncategorized,
2/7/2019,Description Removed,7.99,Credit Card 1,Uncategorized,
2/7/2019,Description Removed,6.42,Credit Card 1,Uncategorized,
2/8/2019,Description Removed,29.97,Credit Card 1,Uncategorized,
2/8/2019,Description Removed,28.41,Credit Card 1,Uncategorized,
2/8/2019,Description Removed,5.29,Credit Card 1,Uncategorized,
2/8/2019,Description Removed,15.63,Credit Card 1,Uncategorized,
2/8/2019,Description Removed,6,Credit Card 1,Uncategorized,
2/8/2019,Description Removed,1.25,Credit Card 1,Uncategorized,
2/9/2019,Description Removed,23.62,Credit Card 1,Uncategorized,
2/10/2019,Description Removed,5.29,Credit Card 1,Uncategorized,
2/11/2019,Description Removed,4.24,Credit Card 1,Uncategorized,
2/13/2019,Description Removed,21.55,Credit Card 1,Uncategorized,
2/13/2019,Description Removed,9.27,Credit Card 1,Uncategorized,
2/13/2019,Description Removed,18.32,Credit Card 1,Uncategorized,
2/14/2019,Description Removed,19.07,Cash,Uncategorized,
2/14/2019,Description Removed,4.28,Credit Card 1,Uncategorized,
2/15/2019,Description Removed,17.08,Credit Card 1,Uncategorized,
2/15/2019,Description Removed,5.29,Credit Card 1,Uncategorized,
2/15/2019,Description Removed,29.54,Credit Card 1,Uncategorized,
2/16/2019,Description Removed,4.51,Credit Card 1,Uncategorized,
2/17/2019,Description Removed,21.59,Credit Card 1,Uncategorized,
2/17/2019,Description Removed,35.59,Credit Card 1,Uncategorized,
2/18/2019,Description Removed,59.95,Credit Card 2,Uncategorized,
2/18/2019,Description Removed,6.42,Credit Card 1,Uncategorized,
2/19/2019,Description Removed,6.42,Credit Card 1,Uncategorized,
2/20/2019,Description Removed,13.34,Credit Card 1,Uncategorized,
2/20/2019,Description Removed,26.92,Credit Card 1,Uncategorized,
2/20/2019,WATER,24.81,Bank,Uncategorized,
2/21/2019,Description Removed,5.29,Credit Card 1,Uncategorized,
2/21/2019,Description Removed,6.42,Credit Card 1,Uncategorized,
2/22/2019,Description Removed,6.42,Credit Card 1,Uncategorized,
2/23/2019,Description Removed,14.99,Credit Card 1,Uncategorized,
2/23/2019,Description Removed,19.25,Credit Card 1,Uncategorized,
2/23/2019,Description Removed,5.29,Credit Card 1,Uncategorized,
2/24/2019,Description Removed,14.79,Credit Card 1,Uncategorized,
2/24/2019,Description Removed,10.89,Credit Card 1,Uncategorized,
2/25/2019,Description Removed,318,Credit Card 1,Taxes,
2/25/2019,Description Removed,9.58,Credit Card 1,Uncategorized,
2/25/2019,Description Removed,5.34,Credit Card 1,Uncategorized,
2/25/2019,Description Removed,24.89,Credit Card 1,Uncategorized,
2/25/2019,Description Removed,5.29,Credit Card 1,Uncategorized,
2/26/2019,Description Removed,3.18,Credit Card 1,Uncategorized,
2/26/2019,ELECTRIC,85.42,Credit Card 2,Uncategorized,
2/26/2019,Description Removed,5.29,Credit Card 1,Uncategorized,
2/27/2019,Description Removed,12,Cash,Uncategorized,
2/28/2019,Description Removed,50,Cash,Uncategorized,
2/28/2019,Description Removed,26.92,Credit Card 1,Uncategorized,
2/28/2019,Description Removed,4,Cash,Uncategorized,
2/28/2019,Description Removed,5.29,Credit Card 1,Uncategorized,
2/28/2019,Description Removed,6.42,Credit Card 1,Uncategorized,
3/1/2019,Description Removed,10.52,Credit Card 2,Uncategorized,
3/1/2019,Description Removed,17.36,Credit Card 1,Uncategorized,
3/1/2019,Description Removed,895,Bank,Uncategorized,
3/1/2019,Description Removed,5.29,Credit Card 1,Uncategorized,
3/2/2019,Description Removed,33.74,Credit Card 1,Uncategorized,
3/3/2019,Description Removed,44.98,Credit Card 1,Uncategorized,
3/3/2019,Description Removed,27.58,Credit Card 1,Uncategorized,
3/3/2019,Description Removed,5.29,Credit Card 1,Uncategorized,
3/4/2019,Description Removed,5.34,Credit Card 1,Uncategorized,
3/7/2019,Description Removed,17.8,Credit Card 1,Uncategorized,
3/7/2019,Description Removed,5.29,Credit Card 1,Uncategorized,
3/7/2019,Description Removed,7.99,Credit Card 1,Uncategorized,
3/8/2019,Description Removed,6.42,Credit Card 1,Uncategorized,
3/9/2019,Description Removed,9.75,Credit Card 1,Uncategorized,
3/9/2019,Description Removed,12,Credit Card 1,Uncategorized,
3/9/2019,Description Removed,31.8,Credit Card 1,Uncategorized,
3/9/2019,Description Removed,15.63,Credit Card 1,Uncategorized,
3/11/2019,Description Removed,28.18,Credit Card 1,Uncategorized,
3/11/2019,Description Removed,5.34,Credit Card 1,Uncategorized,
3/12/2019,Description Removed,15.86,Credit Card 1,Uncategorized,
3/13/2019,Description Removed,17.86,Credit Card 1,Uncategorized,
3/13/2019,Description Removed,5.29,Credit Card 1,Uncategorized,
3/13/2019,Description Removed,6.42,Credit Card 1,Uncategorized,
3/15/2019,Description Removed,131.69,Credit Card 1,Uncategorized,
3/15/2019,Description Removed,33.88,Credit Card 1,Uncategorized,
3/15/2019,Description Removed,27.95,Credit Card 1,Uncategorized,
3/15/2019,Description Removed,0.75,Credit Card 2,Uncategorized,
3/15/2019,Description Removed,5.29,Credit Card 1,Uncategorized,
3/15/2019,Description Removed,20,Credit Card 1,Uncategorized,
3/15/2019,Description Removed,26.22,Cash,Uncategorized,
3/17/2019,Description Removed,59.95,Credit Card 2,Uncategorized,
3/18/2019,Description Removed,27.59,Credit Card 1,Uncategorized,
3/18/2019,Description Removed,9.58,Credit Card 1,Uncategorized,
3/20/2019,SEWAGE,26.22,Credit Card 2,Uncategorized,
3/20/2019,WATER,24.38,Bank,Uncategorized,
3/21/2019,Description Removed,28.04,Credit Card 1,Uncategorized,
3/22/2019,Description Removed,5.29,Credit Card 1,Uncategorized,
3/23/2019,Description Removed,29.99,Credit Card 1,Uncategorized,
3/23/2019,Description Removed,31.5,Credit Card 1,Uncategorized,
3/23/2019,Description Removed,34.57,Credit Card 1,Uncategorized,
3/24/2019,Description Removed,11.99,Credit Card 1,Uncategorized,
3/25/2019,Description Removed,5.34,Credit Card 1,Uncategorized,
3/26/2019,ELECTRIC,60.5,Credit Card 2,Uncategorized,
3/26/2019,Description Removed,11.64,Credit Card 1,Uncategorized,
3/27/2019,Description Removed,5.34,Credit Card 1,Uncategorized,
3/28/2019,Description Removed,14.46,Credit Card 1,Uncategorized,
3/28/2019,Description Removed,6.42,Credit Card 1,Uncategorized,
3/30/2019,Description Removed,21.54,Credit Card 1,Uncategorized,
3/30/2019,Description Removed,86.8,Credit Card 1,Uncategorized,
3/30/2019,Description Removed,10.59,Credit Card 1,Uncategorized,
3/30/2019,Description Removed,33.49,Credit Card 1,Uncategorized,
3/30/2019,Description Removed,5.29,Credit Card 1,Uncategorized,
3/31/2019,Description Removed,22.45,Credit Card 1,Uncategorized,
3/31/2019,Description Removed,5.29,Credit Card 1,Uncategorized,
4/1/2019,Description Removed,10.52,Credit Card 2,Uncategorized,
4/1/2019,Description Removed,131.69,Credit Card 1,Uncategorized,
4/1/2019,Description Removed,895,Bank,Uncategorized,
4/2/2019,Description Removed,24.95,Credit Card 1,Uncategorized,
4/2/2019,Description Removed,23.71,Credit Card 1,Uncategorized,
4/2/2019,Description Removed,6.42,Credit Card 1,Uncategorized,
4/3/2019,Description Removed,34.3,Credit Card 1,Uncategorized,
4/3/2019,Description Removed,6.42,Credit Card 1,Uncategorized,
4/4/2019,Description Removed,27.55,Credit Card 1,Uncategorized,
4/4/2019,Description Removed,5.29,Credit Card 1,Uncategorized,
4/4/2019,Description Removed,6.42,Credit Card 1,Uncategorized,
4/5/2019,Description Removed,3.2,Credit Card 1,Vacation,
4/5/2019,Description Removed,30.08,Credit Card 1,Vacation,
4/5/2019,Description Removed,20,Credit Card 1,Uncategorized,
4/5/2019,Description Removed,6.36,Credit Card 1,Vacation,
4/6/2019,Description Removed,17.04,Credit Card 1,Vacation,
4/6/2019,Description Removed,15,Credit Card 1,Vacation,
4/6/2019,Description Removed,7.19,Credit Card 1,Vacation,
4/7/2019,Description Removed,37.42,Credit Card 1,Vacation,
4/7/2019,Description Removed,2.5,Credit Card 1,Vacation,
4/7/2019,Description Removed,7.73,Credit Card 1,Vacation,
4/7/2019,Description Removed,25.45,Credit Card 1,Vacation,
4/7/2019,Description Removed,1.79,Credit Card 1,Vacation,
4/7/2019,Description Removed,7.99,Credit Card 1,Uncategorized,
4/7/2019,Description Removed,16.98,Credit Card 1,Vacation,
4/8/2019,Description Removed,19.99,Credit Card 1,Uncategorized,
4/8/2019,Description Removed,10,Bank,Vacation,
4/8/2019,Description Removed,140,Bank,Vacation,
4/8/2019,Description Removed,5.29,Credit Card 1,Uncategorized,
4/8/2019,Description Removed,5.72,Credit Card 1,Uncategorized,
4/8/2019,Description Removed,17,Bank,Vacation,
4/9/2019,Description Removed,6.42,Credit Card 1,Uncategorized,
4/10/2019,Description Removed,5.29,Credit Card 1,Uncategorized,
4/10/2019,Description Removed,6.42,Credit Card 1,Uncategorized,
4/11/2019,Description Removed,56.64,Credit Card 1,Uncategorized,
4/11/2019,Description Removed,6.42,Credit Card 1,Uncategorized,
4/11/2019,Description Removed,2,Credit Card 1,Uncategorized,
4/12/2019,Description Removed,5.99,Credit Card 1,Uncategorized,
4/12/2019,Description Removed,5.3,Credit Card 1,Uncategorized,
4/13/2019,Description Removed,6.99,Credit Card 1,Uncategorized,
4/13/2019,Description Removed,41.79,Credit Card 1,Uncategorized,
4/14/2019,Description Removed,8.46,Credit Card 1,Uncategorized,
4/15/2019,Description Removed,19.97,Credit Card 1,Uncategorized,
4/17/2019,Description Removed,33.22,Credit Card 1,Uncategorized,
4/18/2019,Description Removed,59.95,Credit Card 2,Uncategorized,
4/18/2019,Description Removed,5.29,Credit Card 1,Uncategorized,
4/19/2019,WATER,24.16,Bank,Uncategorized,
4/20/2019,Description Removed,21.57,Credit Card 1,Uncategorized,
4/20/2019,Description Removed,7.99,Credit Card 1,Uncategorized,
4/20/2019,Description Removed,5.29,Credit Card 1,Uncategorized,
4/21/2019,Description Removed,5.92,Credit Card 1,Uncategorized,
4/21/2019,Description Removed,17.06,Credit Card 1,Uncategorized,
4/21/2019,Description Removed,5.29,Credit Card 1,Uncategorized,
4/22/2019,Description Removed,36.18,Credit Card 1,Uncategorized,
4/22/2019,SEWAGE,8.74,Credit Card 2,Uncategorized,
4/23/2019,Description Removed,6.42,Credit Card 1,Uncategorized,
4/24/2019,Description Removed,12,Credit Card 1,Uncategorized,
4/24/2019,Description Removed,13.68,Credit Card 1,Uncategorized,
4/24/2019,Description Removed,2.14,Credit Card 1,Uncategorized,
4/26/2019,Description Removed,32.25,Credit Card 1,Uncategorized,
4/27/2019,Description Removed,5.88,Credit Card 1,Uncategorized,
4/27/2019,Description Removed,5.29,Credit Card 1,Uncategorized,
4/28/2019,Description Removed,5.29,Credit Card 1,Uncategorized,
4/29/2019,ELECTRIC,45.05,Credit Card 2,Uncategorized,
4/29/2019,Description Removed,27.8,Credit Card 1,Uncategorized,
4/29/2019,Description Removed,5.29,Credit Card 1,Uncategorized,
4/29/2019,Description Removed,7.48,Credit Card 1,Uncategorized,
4/30/2019,Description Removed,23.03,Credit Card 1,Uncategorized,
4/30/2019,Description Removed,5.34,Credit Card 1,Uncategorized,
5/1/2019,Description Removed,10.52,Credit Card 2,Uncategorized,
5/1/2019,Description Removed,131.69,Credit Card 1,Uncategorized,
5/1/2019,Description Removed,123.48,Credit Card 1,Uncategorized,
5/1/2019,Description Removed,895,Bank,Uncategorized,
5/1/2019,Description Removed,5.34,Credit Card 1,Uncategorized,
5/2/2019,Description Removed,5.34,Credit Card 1,Uncategorized,
5/3/2019,Description Removed,135.26,Credit Card 1,Uncategorized,
5/3/2019,Description Removed,5.34,Credit Card 1,Uncategorized,
5/4/2019,Description Removed,15.89,Credit Card 1,Uncategorized,
5/4/2019,Description Removed,0.75,Credit Card 2,Uncategorized,
5/4/2019,Description Removed,29.87,Credit Card 1,Uncategorized,
5/4/2019,Description Removed,5.29,Credit Card 1,Uncategorized,
5/4/2019,Description Removed,19.2,Credit Card 1,Uncategorized,
5/5/2019,Description Removed,16.6,Credit Card 1,Uncategorized,
5/6/2019,Description Removed,5.34,Credit Card 1,Uncategorized,
5/7/2019,Description Removed,7.99,Credit Card 1,Uncategorized,
5/9/2019,Description Removed,14.72,Credit Card 1,Uncategorized,
5/9/2019,Description Removed,14.27,Credit Card 1,Uncategorized,
5/9/2019,Description Removed,5.29,Credit Card 1,Uncategorized,
5/9/2019,Description Removed,3,Credit Card 1,Uncategorized,
5/10/2019,Description Removed,36.3,Credit Card 1,Uncategorized,
5/11/2019,Description Removed,118.16,Gift Card,Uncategorized,
5/11/2019,Description Removed,410.78,Credit Card 1,Uncategorized,
5/12/2019,Description Removed,15.83,Credit Card 1,Uncategorized,
5/12/2019,Description Removed,5.29,Credit Card 1,Uncategorized,
5/12/2019,Description Removed,4.21,Credit Card 1,Uncategorized,
5/13/2019,Description Removed,5.34,Credit Card 1,Uncategorized,
5/14/2019,Description Removed,5.29,Credit Card 1,Uncategorized,
5/14/2019,Description Removed,2,Credit Card 1,Uncategorized,
5/15/2019,Description Removed,27.85,Credit Card 1,Uncategorized,
5/16/2019,Description Removed,27.02,Credit Card 1,Uncategorized,
5/16/2019,Description Removed,28.81,Credit Card 1,Uncategorized,
5/17/2019,Description Removed,8.11,Credit Card 1,Uncategorized,
5/17/2019,Description Removed,5.34,Credit Card 1,Uncategorized,
5/18/2019,Description Removed,59.95,Credit Card 2,Uncategorized,
5/18/2019,Description Removed,34.95,Credit Card 1,Uncategorized,
5/19/2019,Description Removed,5.29,Credit Card 1,Uncategorized,
5/20/2019,SEWAGE,17.48,Credit Card 2,Uncategorized,
5/20/2019,Description Removed,5.29,Credit Card 1,Uncategorized,
5/20/2019,WATER,23.72,Bank,Uncategorized,
5/21/2019,Description Removed,31.73,Credit Card 1,Uncategorized,
5/21/2019,Description Removed,5.34,Credit Card 1,Uncategorized,
5/22/2019,Description Removed,6.35,Credit Card 1,Uncategorized,
5/23/2019,Description Removed,7.24,Credit Card 1,Uncategorized,
5/23/2019,Description Removed,5.34,Credit Card 1,Uncategorized,
5/23/2019,Description Removed,3.2,Credit Card 1,Uncategorized,
5/23/2019,Description Removed,5,Credit Card 1,Uncategorized,
5/24/2019,Description Removed,26.42,Credit Card 1,Uncategorized,
5/24/2019,Description Removed,21.2,Credit Card 1,Uncategorized,
5/25/2019,Description Removed,31.76,Credit Card 1,Uncategorized,
5/25/2019,Description Removed,28.69,Credit Card 1,Uncategorized,
5/26/2019,Description Removed,5.29,Credit Card 1,Uncategorized,
5/27/2019,Description Removed,11.43,Credit Card 1,Uncategorized,
5/27/2019,Description Removed,1.06,Credit Card 1,Uncategorized,
5/27/2019,Description Removed,46.37,Credit Card 1,Uncategorized,
5/27/2019,Description Removed,5.29,Credit Card 1,Uncategorized,
5/28/2019,ELECTRIC,40.12,Credit Card 2,Uncategorized,
5/29/2019,Description Removed,5.34,Credit Card 1,Uncategorized,
5/30/2019,Description Removed,14.72,Credit Card 1,Uncategorized,
5/30/2019,Description Removed,3,Credit Card 1,Uncategorized,
5/31/2019,Description Removed,5.34,Credit Card 1,Uncategorized,
5/31/2019,Description Removed,7.69,Credit Card 1,Uncategorized,
6/1/2019,Description Removed,10.52,Credit Card 2,Uncategorized,
6/1/2019,Description Removed,131.69,Credit Card 1,Uncategorized,
6/1/2019,Description Removed,895,Bank,Uncategorized,
6/2/2019,Description Removed,5.29,Credit Card 1,Uncategorized,
6/3/2019,Description Removed,0.99,Credit Card 1,Uncategorized,
6/3/2019,Description Removed,32.74,Credit Card 1,Uncategorized,
6/4/2019,Description Removed,5.29,Credit Card 1,Uncategorized,
6/4/2019,Description Removed,5.34,Credit Card 1,Uncategorized,
6/5/2019,Description Removed,19.2,Credit Card 1,Uncategorized,
6/5/2019,Description Removed,5.29,Credit Card 1,Uncategorized,
6/6/2019,Description Removed,15.72,Credit Card 1,Uncategorized,
6/6/2019,Description Removed,4,Credit Card 1,Uncategorized,
6/7/2019,Description Removed,16.99,Credit Card 1,Uncategorized,
6/7/2019,Description Removed,22.4,Credit Card 1,Uncategorized,
6/7/2019,Description Removed,7.99,Credit Card 1,Uncategorized,
6/8/2019,Description Removed,38.88,Credit Card 1,Uncategorized,
6/8/2019,Description Removed,0.75,Credit Card 2,Uncategorized,
6/8/2019,Description Removed,5.29,Credit Card 1,Uncategorized,
6/8/2019,Description Removed,20,Credit Card 1,Uncategorized,
6/9/2019,Description Removed,9.61,Credit Card 1,Uncategorized,
6/9/2019,Description Removed,5.29,Credit Card 1,Uncategorized,
6/10/2019,Description Removed,7.69,Cash,Uncategorized,
6/11/2019,Description Removed,21.24,Credit Card 1,Uncategorized,
6/11/2019,Description Removed,154.27,Credit Card 3,Uncategorized,
6/11/2019,Description Removed,31.21,Credit Card 1,Uncategorized,
6/11/2019,Description Removed,116.46,Credit Card 3,Uncategorized,
6/12/2019,Description Removed,12.07,Credit Card 1,Uncategorized,
6/12/2019,Description Removed,5.34,Credit Card 1,Uncategorized,
6/13/2019,Description Removed,10.68,Credit Card 1,Uncategorized,
6/13/2019,Description Removed,11.07,Credit Card 1,Uncategorized,
6/13/2019,Description Removed,10.35,Credit Card 3,Uncategorized,
6/13/2019,Description Removed,16.58,Credit Card 1,Uncategorized,
6/13/2019,Description Removed,5.34,Credit Card 1,Uncategorized,
6/14/2019,Description Removed,5.29,Credit Card 1,Uncategorized,
6/14/2019,Description Removed,5.34,Credit Card 1,Uncategorized,
6/15/2019,Description Removed,32.19,Credit Card 1,Uncategorized,
6/16/2019,Description Removed,41.99,Credit Card 1,Uncategorized,
6/16/2019,Description Removed,5.29,Credit Card 1,Uncategorized,
6/17/2019,Description Removed,80.97,Credit Card 3,Uncategorized,
6/17/2019,Description Removed,59.95,Credit Card 2,Uncategorized,
6/17/2019,Description Removed,38.17,Credit Card 1,Uncategorized,
6/17/2019,Description Removed,5.29,Credit Card 1,Uncategorized,
6/18/2019,Description Removed,5.34,Credit Card 1,Uncategorized,
6/20/2019,Description Removed,31.3,Credit Card 1,Uncategorized,
6/20/2019,SEWAGE,17.48,Credit Card 2,Uncategorized,
6/20/2019,WATER,24.59,Bank,Uncategorized,
6/21/2019,Description Removed,25,Cash,Uncategorized,
6/22/2019,Description Removed,1.06,Credit Card 1,Uncategorized,
6/22/2019,Description Removed,29.9,Credit Card 1,Uncategorized,
6/23/2019,Description Removed,11.99,Credit Card 1,Uncategorized,
6/23/2019,Description Removed,16.95,Credit Card 1,Uncategorized,
6/23/2019,Description Removed,5.29,Credit Card 1,Uncategorized,
6/24/2019,Description Removed,5.29,Credit Card 1,Uncategorized,
6/25/2019,ELECTRIC,46.66,Credit Card 2,Uncategorized,
6/25/2019,Description Removed,16.72,Credit Card 1,Uncategorized,
6/26/2019,Description Removed,5.34,Credit Card 1,Uncategorized,
6/27/2019,Description Removed,19.57,Credit Card 1,Uncategorized,
6/27/2019,Description Removed,5.34,Credit Card 1,Uncategorized,
6/28/2019,Description Removed,64.12,Credit Card 1,Uncategorized,
6/28/2019,Description Removed,10.59,Credit Card 1,Uncategorized,
6/28/2019,Description Removed,1.06,Credit Card 1,Uncategorized,
6/28/2019,Description Removed,154.27,Credit Card 3,Uncategorized,
6/28/2019,Description Removed,25.79,Credit Card 1,Uncategorized,
6/29/2019,Description Removed,75,Cash,Uncategorized,
6/29/2019,Description Removed,35.03,Credit Card 1,Uncategorized,
6/29/2019,Description Removed,5.29,Credit Card 1,Uncategorized,
6/30/2019,Description Removed,5.29,Credit Card 1,Uncategorized,
7/1/2019,Description Removed,10.52,Credit Card 2,Uncategorized,
7/1/2019,Description Removed,21.08,Credit Card 1,Uncategorized,
7/1/2019,Description Removed,131.69,Credit Card 1,Uncategorized,
7/1/2019,Description Removed,895,Bank,Uncategorized,
7/1/2019,SEWAGE,0,Cash,Living,
7/1/2019,Description Removed,5.29,Credit Card 1,Uncategorized,
7/1/2019,Description Removed,7.69,Credit Card 1,Uncategorized,
7/1/2019,Description Removed,31.92,Credit Card 1,Uncategorized,
7/2/2019,Description Removed,5.34,Credit Card 1,Uncategorized,
7/4/2019,Description Removed,8.99,Credit Card 1,Uncategorized,
7/5/2019,Description Removed,233.19,Credit Card 1,Uncategorized,
7/5/2019,Description Removed,22.58,Credit Card 1,Uncategorized,
7/5/2019,Description Removed,29.93,Credit Card 1,Uncategorized,
7/5/2019,Description Removed,42.34,Gift Card,Uncategorized,
7/6/2019,Description Removed,9.94,Credit Card 1,Uncategorized,
7/6/2019,Description Removed,5.29,Credit Card 1,Uncategorized,
7/7/2019,Description Removed,15.64,Credit Card 1,Uncategorized,
7/7/2019,Description Removed,5.29,Credit Card 1,Uncategorized,
7/7/2019,Description Removed,7.99,Credit Card 1,Uncategorized,
7/8/2019,Description Removed,5.34,Credit Card 1,Uncategorized,
7/10/2019,Description Removed,7.1,Credit Card 1,Uncategorized,
7/11/2019,Description Removed,5.34,Credit Card 1,Uncategorized,
7/11/2019,Description Removed,5.55,Credit Card 1,Uncategorized,
7/12/2019,Description Removed,0.75,Credit Card 2,Uncategorized,
7/12/2019,Description Removed,28.03,Credit Card 1,Uncategorized,
7/12/2019,Description Removed,20,Credit Card 1,Uncategorized,
7/12/2019,Description Removed,63.27,Credit Card 1,Uncategorized,
7/13/2019,Description Removed,10.58,Credit Card 1,Uncategorized,
7/13/2019,Description Removed,18.01,Credit Card 1,Uncategorized,
7/13/2019,Description Removed,25.85,Credit Card 1,Uncategorized,
7/13/2019,Description Removed,5.29,Credit Card 1,Uncategorized,
7/14/2019,Description Removed,35.14,Credit Card 1,Uncategorized,
7/16/2019,Description Removed,10.35,Credit Card 1,Uncategorized,
7/16/2019,Description Removed,21.94,Credit Card 1,Uncategorized,
7/16/2019,Description Removed,5.34,Credit Card 1,Uncategorized,
7/16/2019,Description Removed,5.34,Credit Card 1,Uncategorized,
7/17/2019,Description Removed,67.96,Credit Card 2,Uncategorized,
7/18/2019,Description Removed,14.72,Credit Card 1,Uncategorized,
7/18/2019,Description Removed,5.34,Credit Card 1,Uncategorized,
7/18/2019,Description Removed,7.69,Credit Card 1,Uncategorized,
7/19/2019,Description Removed,64.12,Credit Card 1,Uncategorized,
7/19/2019,Description Removed,86.8,Credit Card 1,Uncategorized,
7/19/2019,Description Removed,26.89,Credit Card 1,Uncategorized,
7/19/2019,WATER,24.16,Bank,Uncategorized,
7/20/2019,Description Removed,5.3,Credit Card 1,Uncategorized,
7/20/2019,Description Removed,35.4,Credit Card 1,Uncategorized,
7/20/2019,Description Removed,14.12,Credit Card 1,Uncategorized,
7/20/2019,Description Removed,5.29,Credit Card 1,Uncategorized,
7/21/2019,Description Removed,8.78,Credit Card 1,Uncategorized,
7/22/2019,Description Removed,5.34,Credit Card 1,Uncategorized,
7/23/2019,Description Removed,5.29,Credit Card 1,Uncategorized,
7/24/2019,Description Removed,5.55,Credit Card 1,Uncategorized,
7/25/2019,Description Removed,19.96,Credit Card 1,Uncategorized,
7/26/2019,Description Removed,5.34,Credit Card 1,Uncategorized,
7/26/2019,Description Removed,5.34,Credit Card 1,Uncategorized,
7/27/2019,Description Removed,1.06,Credit Card 1,Uncategorized,
7/27/2019,Description Removed,32.37,Credit Card 1,Uncategorized,
7/28/2019,Description Removed,12.67,Credit Card 1,Uncategorized,
7/28/2019,Description Removed,36.72,Credit Card 1,Uncategorized,
7/28/2019,Description Removed,5.29,Credit Card 1,Uncategorized,
7/29/2019,ELECTRIC,46.76,Credit Card 2,Uncategorized,
7/30/2019,Description Removed,5.29,Credit Card 1,Uncategorized,
8/1/2019,Description Removed,10.52,Credit Card 2,Uncategorized,
8/1/2019,Description Removed,131.69,Credit Card 1,Uncategorized,
8/1/2019,Description Removed,895,Bank,Uncategorized,
8/1/2019,SEWAGE,0,Cash,Living,
8/1/2019,WATER,0,Cash,Living,
8/2/2019,Description Removed,12.13,Credit Card 1,Uncategorized,
8/2/2019,Description Removed,30.73,Credit Card 1,Uncategorized,
8/2/2019,Description Removed,20.91,Credit Card 1,Uncategorized,
8/2/2019,Description Removed,5.29,Credit Card 1,Uncategorized,
8/3/2019,Description Removed,25.37,Credit Card 1,Uncategorized,
8/4/2019,Description Removed,5.29,Credit Card 1,Uncategorized,
8/6/2019,Description Removed,5.29,Credit Card 1,Uncategorized,
8/7/2019,Description Removed,12.07,Credit Card 1,Uncategorized,
8/7/2019,Description Removed,7.99,Credit Card 1,Uncategorized,
8/7/2019,Description Removed,5.34,Credit Card 1,Uncategorized,
8/9/2019,Description Removed,29.94,Credit Card 1,Uncategorized,
8/10/2019,Description Removed,11.09,Credit Card 1,Uncategorized,
8/10/2019,Description Removed,68.88,Credit Card 1,Uncategorized,
8/10/2019,Description Removed,0.75,Credit Card 2,Uncategorized,
8/10/2019,Description Removed,2,Credit Card 1,Uncategorized,
8/10/2019,Description Removed,30.06,Credit Card 1,Uncategorized,
8/10/2019,Description Removed,5.34,Credit Card 1,Uncategorized,
8/10/2019,Description Removed,20,Credit Card 1,Uncategorized,
8/11/2019,Description Removed,5.29,Credit Card 1,Uncategorized,
8/12/2019,Description Removed,42.98,Credit Card 1,Uncategorized,
8/12/2019,Description Removed,5.34,Credit Card 1,Uncategorized,
8/13/2019,Description Removed,35.67,Credit Card 1,Uncategorized,
8/14/2019,Description Removed,23.36,Credit Card 1,Uncategorized,
8/14/2019,Description Removed,9.62,Credit Card 1,Uncategorized,
8/14/2019,Description Removed,7.69,Credit Card 1,Uncategorized,
8/15/2019,Description Removed,33.5,Credit Card 1,Vacation,
8/15/2019,Description Removed,6.59,Credit Card 1,Vacation,
8/15/2019,Description Removed,1.29,Credit Card 1,Vacation,
8/15/2019,Description Removed,7.69,Credit Card 1,Uncategorized,
8/16/2019,Description Removed,9.5,Credit Card 1,Vacation,
8/16/2019,Description Removed,3,Credit Card 1,Vacation,
8/16/2019,Description Removed,18,Credit Card 1,Vacation,
8/16/2019,Description Removed,3,Credit Card 1,Vacation,
8/16/2019,Description Removed,3,Credit Card 1,Vacation,
8/16/2019,Description Removed,12.14,Credit Card 1,Vacation,
8/16/2019,Description Removed,222.2,Credit Card 1,Vacation,
8/17/2019,Description Removed,16.99,Credit Card 1,Vacation,
8/17/2019,Description Removed,74.95,Credit Card 2,Uncategorized,
8/17/2019,Description Removed,50,Credit Card 1,Vacation,
8/17/2019,Description Removed,63.36,Credit Card 1,Vacation,
8/18/2019,Description Removed,33.5,Credit Card 1,Vacation,
8/18/2019,Description Removed,5.3,Credit Card 1,Vacation,
8/19/2019,Description Removed,25.73,Credit Card 1,Uncategorized,
8/20/2019,Description Removed,48.59,Credit Card 1,Uncategorized,
8/21/2019,Description Removed,27.63,Credit Card 1,Uncategorized,
8/22/2019,Description Removed,11.84,Credit Card 1,Uncategorized,
8/22/2019,Description Removed,34.82,Credit Card 1,Uncategorized,
8/22/2019,Description Removed,5.35,Credit Card 1,Uncategorized,
8/22/2019,Description Removed,7.69,Credit Card 1,Uncategorized,
8/24/2019,Description Removed,21.18,Credit Card 1,Uncategorized,
8/24/2019,Description Removed,34.47,Credit Card 1,Uncategorized,
8/25/2019,Description Removed,12.6,Credit Card 1,Uncategorized,
8/26/2019,Description Removed,40,Credit Card 2,Uncategorized,
8/27/2019,Description Removed,32.59,Credit Card 1,Uncategorized,
8/27/2019,Description Removed,5.34,Credit Card 1,Uncategorized,
8/27/2019,Description Removed,7.69,Credit Card 1,Uncategorized,
8/28/2019,Description Removed,58.29,Credit Card 1,Uncategorized,
8/28/2019,ELECTRIC,45.48,Credit Card 2,Uncategorized,
8/29/2019,Description Removed,49,Credit Card 1,Uncategorized,
8/29/2019,Description Removed,25.92,Credit Card 1,Uncategorized,
8/29/2019,Description Removed,5.34,Credit Card 1,Uncategorized,
8/31/2019,Description Removed,5.29,Credit Card 1,Uncategorized,
8/31/2019,Description Removed,52.5,Credit Card 1,Uncategorized,
9/1/2019,Description Removed,10.52,Credit Card 2,Uncategorized,
9/1/2019,SEWAGE,0,Cash,Living,
9/1/2019,Description Removed,5.29,Credit Card 1,Uncategorized,
9/1/2019,WATER,0,Cash,Living,
9/2/2019,Description Removed,30.65,Credit Card 1,Uncategorized,
9/3/2019,Description Removed,895,Bank,Uncategorized,
9/4/2019,Description Removed,29.06,Credit Card 1,Uncategorized,
9/6/2019,Description Removed,42.73,Credit Card 1,Uncategorized,
9/6/2019,Description Removed,5.34,Credit Card 1,Uncategorized,
9/7/2019,Description Removed,7.98,Credit Card 1,Uncategorized,
9/7/2019,Description Removed,10,Credit Card 1,Uncategorized,
9/7/2019,Description Removed,7.99,Credit Card 1,Uncategorized,
9/8/2019,Description Removed,51.55,Credit Card 1,Uncategorized,
9/8/2019,Description Removed,5.29,Credit Card 1,Uncategorized,
9/9/2019,Description Removed,15.89,Credit Card 1,Uncategorized,
9/9/2019,Description Removed,5.29,Credit Card 1,Uncategorized,
9/10/2019,Description Removed,7.42,Credit Card 1,Uncategorized,
9/10/2019,Description Removed,12,Credit Card 1,Uncategorized,
9/10/2019,Description Removed,5.34,Credit Card 1,Uncategorized,
9/10/2019,Description Removed,24.93,Credit Card 1,Uncategorized,
9/11/2019,Description Removed,1.16,Credit Card 1,Uncategorized,
9/12/2019,Description Removed,5.29,Credit Card 1,Uncategorized,
9/13/2019,Description Removed,8.59,Credit Card 1,Uncategorized,
9/13/2019,Description Removed,113.47,Credit Card 1,Uncategorized,
9/13/2019,Description Removed,41.99,Credit Card 1,Uncategorized,
9/13/2019,Description Removed,36.21,Credit Card 1,Uncategorized,
9/14/2019,Description Removed,5.29,Credit Card 1,Uncategorized,
9/15/2019,Description Removed,10.48,Credit Card 1,Uncategorized,
9/17/2019,Description Removed,74.95,Credit Card 2,Uncategorized,
9/17/2019,Description Removed,0.53,Credit Card 1,Uncategorized,
9/17/2019,Description Removed,26.69,Credit Card 1,Uncategorized,
9/18/2019,Description Removed,14.14,Credit Card 1,Uncategorized,
9/19/2019,Description Removed,9.7,Credit Card 1,Uncategorized,
9/19/2019,Description Removed,9.42,Credit Card 1,Uncategorized,
9/20/2019,Description Removed,52.41,Credit Card 1,Uncategorized,
9/20/2019,Description Removed,5.34,Credit Card 1,Uncategorized,
9/21/2019,Description Removed,9.85,Credit Card 1,Uncategorized,
9/21/2019,Description Removed,7.31,Credit Card 1,Uncategorized,
9/21/2019,Description Removed,8.62,Credit Card 1,Uncategorized,
9/21/2019,Description Removed,0.75,Credit Card 2,Uncategorized,
9/21/2019,Description Removed,20,Credit Card 1,Uncategorized,
9/22/2019,Description Removed,27.91,Credit Card 1,Uncategorized,
9/22/2019,Description Removed,5.29,Credit Card 1,Uncategorized,
9/22/2019,Description Removed,25,Credit Card 1,Uncategorized,
9/23/2019,Description Removed,5.29,Credit Card 1,Uncategorized,
9/23/2019,Description Removed,5.66,Credit Card 1,Uncategorized,
9/24/2019,Description Removed,92.33,Credit Card 1,Uncategorized,
9/24/2019,Description Removed,2.25,Credit Card 2,Uncategorized,
9/24/2019,Description Removed,5.34,Credit Card 1,Uncategorized,
9/25/2019,Description Removed,25.67,Credit Card 1,Uncategorized,
9/25/2019,Description Removed,33.79,Credit Card 1,Uncategorized,
9/25/2019,Description Removed,5.34,Credit Card 1,Uncategorized,
9/27/2019,Description Removed,36.79,Credit Card 1,Uncategorized,
9/27/2019,Description Removed,11.62,Credit Card 1,Uncategorized,
9/27/2019,Description Removed,19.06,Credit Card 1,Uncategorized,
9/27/2019,Description Removed,64.02,Credit Card 1,Uncategorized,
9/27/2019,Description Removed,96.27,Credit Card 1,Uncategorized,
9/28/2019,Description Removed,14.99,Credit Card 1,Uncategorized,
9/28/2019,Description Removed,5.29,Credit Card 1,Uncategorized,
9/29/2019,Description Removed,9.26,Credit Card 1,Uncategorized,
9/30/2019,ELECTRIC,45.37,Credit Card 2,Uncategorized,
9/30/2019,Description Removed,5.29,Credit Card 1,Uncategorized,
9/30/2019,Description Removed,5.34,Credit Card 1,Uncategorized,
10/1/2019,Description Removed,10.52,Credit Card 2,Uncategorized,
10/1/2019,Description Removed,113.47,Credit Card 1,Uncategorized,
10/1/2019,Description Removed,895,Bank,Uncategorized,
10/1/2019,SEWAGE,0,Cash,Living,
10/1/2019,Description Removed,1.89,Credit Card 1,Uncategorized,
10/4/2019,Description Removed,9.32,Credit Card 1,Uncategorized,
10/4/2019,Description Removed,21.19,Credit Card 1,Uncategorized,
10/4/2019,Description Removed,32.03,Credit Card 1,Uncategorized,
10/5/2019,Description Removed,34.57,Credit Card 1,Uncategorized,
10/7/2019,Description Removed,30.49,Credit Card 1,Uncategorized,
10/7/2019,Description Removed,24.92,Credit Card 1,Uncategorized,
10/7/2019,Description Removed,11.01,Credit Card 1,Uncategorized,
10/7/2019,Description Removed,5.29,Credit Card 1,Uncategorized,
10/7/2019,Description Removed,7.99,Credit Card 1,Uncategorized,
10/7/2019,Description Removed,5.34,Credit Card 1,Uncategorized,
10/8/2019,Description Removed,5.29,Credit Card 1,Uncategorized,
10/8/2019,Description Removed,5.66,Credit Card 1,Uncategorized,
10/9/2019,Description Removed,14.99,Credit Card 1,Uncategorized,
10/10/2019,Description Removed,5.34,Credit Card 1,Uncategorized,
10/11/2019,Description Removed,4.22,Credit Card 1,Uncategorized,
10/11/2019,Description Removed,48.37,Credit Card 1,Uncategorized,
10/11/2019,Description Removed,35.02,Credit Card 1,Uncategorized,
10/11/2019,Description Removed,25.03,Credit Card 1,Uncategorized,
10/11/2019,Description Removed,5.29,Credit Card 1,Uncategorized,
10/12/2019,Description Removed,3.59,Gift Card,Uncategorized,
10/12/2019,Description Removed,5.29,Credit Card 1,Uncategorized,
10/13/2019,Description Removed,5.29,Credit Card 1,Uncategorized,
10/14/2019,Description Removed,9.45,Credit Card 1,Uncategorized,
10/14/2019,Description Removed,5.99,Credit Card 1,Uncategorized,
10/14/2019,Description Removed,13.58,Credit Card 1,Uncategorized,
10/15/2019,Description Removed,5.34,Credit Card 1,Uncategorized,
10/18/2019,Description Removed,74.95,Credit Card 2,Uncategorized,
10/18/2019,Description Removed,0.53,Credit Card 1,Uncategorized,
10/18/2019,Description Removed,5.29,Credit Card 1,Uncategorized,
10/18/2019,WATER,11.05,Bank,Uncategorized,
10/19/2019,Description Removed,51.89,Credit Card 1,Uncategorized,
10/19/2019,Description Removed,33.02,Credit Card 1,Uncategorized,
10/21/2019,Description Removed,22.48,Credit Card 1,Uncategorized,
10/21/2019,Description Removed,5.29,Credit Card 1,Uncategorized,
10/22/2019,Description Removed,5.29,Credit Card 1,Uncategorized,
10/23/2019,ELECTRIC,40.53,Credit Card 2,Uncategorized,
10/23/2019,Description Removed,27.56,Credit Card 1,Uncategorized,
10/24/2019,Description Removed,23.75,Credit Card 1,Uncategorized,
10/25/2019,Description Removed,9.49,Credit Card 1,Uncategorized,
10/25/2019,Description Removed,4.23,Credit Card 1,Uncategorized,
10/25/2019,Description Removed,22.67,Credit Card 1,Uncategorized,
10/25/2019,Description Removed,23.87,Credit Card 1,Uncategorized,
10/25/2019,Description Removed,20,Credit Card 1,Uncategorized,
10/26/2019,Description Removed,14.99,Credit Card 1,Uncategorized,
10/26/2019,Description Removed,26.81,Credit Card 1,Uncategorized,
10/26/2019,Description Removed,0.8,Credit Card 2,Uncategorized,
10/26/2019,Description Removed,5.29,Credit Card 1,Uncategorized,
10/27/2019,Description Removed,5.29,Credit Card 1,Uncategorized,
10/28/2019,Description Removed,24.99,Credit Card 1,Uncategorized,
10/28/2019,Description Removed,16.22,Credit Card 1,Uncategorized,
10/28/2019,Description Removed,7.8,Credit Card 1,Uncategorized,
10/31/2019,Description Removed,43.87,Credit Card 1,Uncategorized,
10/31/2019,Description Removed,7.8,Credit Card 1,Uncategorized,
11/1/2019,Description Removed,10.52,Credit Card 2,Uncategorized,
11/1/2019,Description Removed,113.47,Credit Card 1,Uncategorized,
11/1/2019,Description Removed,895,Bank,Uncategorized,
11/1/2019,SEWAGE,0,Cash,Living,
11/2/2019,Description Removed,23.3,Credit Card 1,Uncategorized,
11/2/2019,Description Removed,7.41,Credit Card 1,Uncategorized,
11/2/2019,Description Removed,46.72,Credit Card 1,Uncategorized,
11/2/2019,Description Removed,31.35,Credit Card 1,Uncategorized,
11/2/2019,Description Removed,5.29,Credit Card 1,Uncategorized,
11/3/2019,Description Removed,4,Credit Card 1,Uncategorized,
11/3/2019,Description Removed,3,Credit Card 1,Uncategorized,
11/3/2019,Description Removed,5.29,Credit Card 1,Uncategorized,
11/4/2019,Description Removed,0.75,Credit Card 2,Uncategorized,
11/4/2019,Description Removed,20,Credit Card 1,Uncategorized,
11/4/2019,Description Removed,7.8,Credit Card 1,Uncategorized,
11/5/2019,Description Removed,7.41,Credit Card 1,Uncategorized,
11/5/2019,Description Removed,14.97,Credit Card 1,Uncategorized,
11/6/2019,Description Removed,5.34,Credit Card 1,Uncategorized,
11/7/2019,Description Removed,2.99,Credit Card 1,Uncategorized,
11/7/2019,Description Removed,5.34,Credit Card 1,Uncategorized,
11/7/2019,Description Removed,7.99,Credit Card 1,Uncategorized,
11/8/2019,Description Removed,15.97,Credit Card 1,Uncategorized,
11/8/2019,Description Removed,5.97,Credit Card 1,Uncategorized,
11/8/2019,Description Removed,29.18,Credit Card 1,Uncategorized,
11/8/2019,Description Removed,21.1,Credit Card 1,Uncategorized,
11/9/2019,Description Removed,4.23,Credit Card 1,Uncategorized,
11/10/2019,Description Removed,27.79,Credit Card 1,Uncategorized,
11/11/2019,Description Removed,29.42,Credit Card 1,Uncategorized,
11/11/2019,Description Removed,28.05,Credit Card 1,Uncategorized,
11/11/2019,Description Removed,5.29,Credit Card 1,Uncategorized,
11/12/2019,Description Removed,5.29,Credit Card 1,Uncategorized,
11/13/2019,Description Removed,7.8,Credit Card 1,Uncategorized,
11/14/2019,Description Removed,6.35,Credit Card 1,Uncategorized,
11/15/2019,Description Removed,8.8,Credit Card 1,Uncategorized,
11/15/2019,Description Removed,5.34,Credit Card 1,Uncategorized,
11/15/2019,Description Removed,85.7,Credit Card 1,Uncategorized,
11/16/2019,Description Removed,6.14,Credit Card 1,Uncategorized,
11/16/2019,Description Removed,40.39,Credit Card 1,Uncategorized,
11/16/2019,Description Removed,24.56,Credit Card 1,Uncategorized,
11/16/2019,Description Removed,5.29,Credit Card 1,Uncategorized,
11/17/2019,Description Removed,74.95,Credit Card 2,Uncategorized,
11/17/2019,Description Removed,2.99,Credit Card 1,Uncategorized,
11/17/2019,Description Removed,5.29,Credit Card 1,Uncategorized,
11/20/2019,WATER,23.72,Bank,Uncategorized,
11/21/2019,Description Removed,5.29,Credit Card 1,Uncategorized,
11/22/2019,Description Removed,37.03,Credit Card 1,Uncategorized,
11/23/2019,Description Removed,2.99,Credit Card 1,Uncategorized,
11/23/2019,Description Removed,5.29,Credit Card 1,Uncategorized,
11/24/2019,Description Removed,20.25,Credit Card 1,Uncategorized,
11/24/2019,Description Removed,27.65,Credit Card 1,Uncategorized,
11/25/2019,Description Removed,21.13,Credit Card 1,Uncategorized,
11/25/2019,ELECTRIC,46.11,Credit Card 2,Uncategorized,
11/25/2019,Description Removed,5.29,Credit Card 1,Uncategorized,
11/25/2019,Description Removed,6.52,Credit Card 1,Uncategorized,
11/27/2019,Description Removed,22.43,Credit Card 1,Uncategorized,
11/27/2019,Description Removed,16.81,Credit Card 1,Uncategorized,
11/27/2019,Description Removed,5.34,Credit Card 1,Uncategorized,
11/28/2019,Description Removed,5.29,Credit Card 1,Uncategorized,
11/29/2019,Description Removed,25.02,Credit Card 1,Uncategorized,
11/30/2019,Description Removed,31.89,Credit Card 1,Uncategorized,
12/1/2019,Description Removed,10.52,Credit Card 2,Uncategorized,
12/1/2019,Description Removed,113.47,Credit Card 1,Uncategorized,
12/1/2019,Description Removed,57.05,Credit Card 1,Uncategorized,
12/1/2019,SEWAGE,0,Cash,Living,
12/1/2019,Description Removed,5.29,Credit Card 1,Uncategorized,
12/2/2019,Description Removed,895,Bank,Uncategorized,
12/3/2019,Description Removed,8.1,Credit Card 1,Uncategorized,
12/4/2019,Description Removed,5.34,Credit Card 1,Uncategorized,
12/4/2019,Description Removed,7.8,Credit Card 1,Uncategorized,
12/5/2019,Description Removed,24.5,Credit Card 1,Uncategorized,
12/6/2019,Description Removed,27.66,Credit Card 1,Uncategorized,
12/6/2019,Description Removed,5.29,Credit Card 1,Uncategorized,
12/7/2019,Description Removed,13.15,Credit Card 1,Uncategorized,
12/7/2019,Description Removed,31.55,Credit Card 1,Uncategorized,
12/7/2019,Description Removed,5.29,Credit Card 1,Uncategorized,
12/7/2019,Description Removed,7.99,Credit Card 1,Uncategorized,
12/9/2019,Description Removed,5.29,Credit Card 1,Uncategorized,
12/10/2019,Description Removed,12.72,Credit Card 1,Uncategorized,
12/10/2019,Description Removed,42.88,Credit Card 1,Uncategorized,
12/10/2019,Description Removed,5.34,Credit Card 1,Uncategorized,
12/10/2019,Description Removed,6.41,Credit Card 1,Uncategorized,
12/12/2019,Description Removed,23.06,Credit Card 1,Uncategorized,
12/12/2019,Description Removed,3.25,Credit Card 2,Uncategorized,
12/12/2019,Description Removed,30.65,Credit Card 1,Uncategorized,
12/12/2019,Description Removed,5.34,Credit Card 1,Uncategorized,
12/12/2019,Description Removed,6.41,Credit Card 1,Uncategorized,
12/13/2019,Description Removed,5.29,Credit Card 1,Uncategorized,
12/14/2019,Description Removed,13.78,Credit Card 1,Uncategorized,
12/14/2019,Description Removed,14.29,Credit Card 1,Uncategorized,
12/15/2019,Description Removed,5.29,Credit Card 1,Uncategorized,
12/16/2019,Description Removed,20.61,Credit Card 1,Uncategorized,
12/16/2019,Description Removed,2.99,Credit Card 1,Uncategorized,
12/16/2019,Description Removed,9.62,Credit Card 1,Uncategorized,
12/16/2019,Description Removed,5.29,Credit Card 1,Uncategorized,
12/17/2019,Description Removed,40.23,Credit Card 1,Uncategorized,
12/17/2019,Description Removed,74.95,Credit Card 2,Uncategorized,
12/17/2019,Description Removed,15.79,Credit Card 1,Uncategorized,
12/17/2019,Description Removed,5.34,Credit Card 1,Uncategorized,
12/17/2019,Description Removed,6.41,Credit Card 1,Uncategorized,
12/18/2019,Description Removed,16.95,Credit Card 1,Uncategorized,
12/19/2019,Description Removed,34.91,Credit Card 1,Uncategorized,
12/19/2019,Description Removed,5.34,Credit Card 1,Uncategorized,
12/20/2019,Description Removed,2.12,Credit Card 1,Uncategorized,
12/20/2019,Description Removed,25.7,Credit Card 1,Uncategorized,
12/20/2019,Description Removed,0.75,Credit Card 2,Uncategorized,
12/20/2019,Description Removed,5.29,Credit Card 1,Uncategorized,
12/20/2019,Description Removed,20,Credit Card 1,Uncategorized,
12/20/2019,Description Removed,6.35,Credit Card 1,Uncategorized,
12/20/2019,WATER,24.59,Bank,Uncategorized,
12/21/2019,Description Removed,12,Credit Card 1,Uncategorized,
12/21/2019,Description Removed,14.28,Credit Card 1,Uncategorized,
12/21/2019,Description Removed,5.29,Credit Card 1,Uncategorized,
12/22/2019,Description Removed,19.07,Credit Card 1,Uncategorized,
12/23/2019,Description Removed,0.53,Credit Card 1,Uncategorized,
12/23/2019,Description Removed,53.16,Credit Card 1,Uncategorized,
12/23/2019,Description Removed,5.29,Credit Card 1,Uncategorized,
12/24/2019,Description Removed,37.8,Credit Card 1,Uncategorized,
12/26/2019,ELECTRIC,66.59,Credit Card 2,Uncategorized,
12/26/2019,Description Removed,54.93,Credit Card 1,Uncategorized,
12/27/2019,Description Removed,34.25,Credit Card 1,Uncategorized,
12/28/2019,Description Removed,23.49,Credit Card 1,Uncategorized,
12/28/2019,Description Removed,26.36,Credit Card 1,Uncategorized,
12/29/2019,Description Removed,6.18,Credit Card 1,Uncategorized,
12/29/2019,Description Removed,63.59,Credit Card 1,Uncategorized,
12/29/2019,Description Removed,3.83,Credit Card 1,Uncategorized,
12/29/2019,Description Removed,142.14,Credit Card 1,Uncategorized,
12/30/2019,Description Removed,10.99,Credit Card 1,Uncategorized,
12/30/2019,Description Removed,37.5,Credit Card 1,Uncategorized,
12/31/2019,Description Removed,17.69,Credit Card 1,Uncategorized,
12/31/2019,Description Removed,17.38,Credit Card 1,Uncategorized,
1/1/2020,Description Removed,42.09,Credit Card 1,Living,
1/2/2020,Description Removed,895,Bank,Living,
1/2/2020,Description Removed,5.29,Credit Card 1,Living,
1/2/2020,Description Removed,7.8,Credit Card 1,Living,
1/4/2020,Description Removed,25.76,Credit Card 1,Living,
1/5/2020,Description Removed,23.74,Credit Card 1,Car,
1/6/2020,Description Removed,9,Credit Card 1,Living,
1/6/2020,Description Removed,5.29,Credit Card 1,Living,
1/7/2020,Description Removed,7.99,Credit Card 1,Music,
1/8/2020,Description Removed,29.24,Credit Card 1,Living,
1/8/2020,Description Removed,5.61,Credit Card 1,Living,
1/9/2020,Description Removed,5.71,Credit Card 1,Living,
1/9/2020,Description Removed,8.99,Credit Card 1,Living,
1/9/2020,Description Removed,3.25,Credit Card 2,Leisure,
1/9/2020,Description Removed,1.49,Credit Card 1,Living,
1/10/2020,Description Removed,5.34,Credit Card 1,Living,
1/10/2020,Description Removed,7.8,Credit Card 1,Living,
1/12/2020,Description Removed,36.98,Credit Card 1,Living,
1/12/2020,Description Removed,1.5,Credit Card 2,Living,
1/12/2020,Description Removed,22.02,Credit Card 1,Leisure,
1/12/2020,Description Removed,29.4,Credit Card 1,Car,
1/12/2020,Description Removed,52.87,Gift Card,Leisure,
1/13/2020,Description Removed,6.41,Credit Card 1,Living,
1/14/2020,Description Removed,5.29,Credit Card 1,Leisure,
1/14/2020,Description Removed,6.41,Credit Card 1,Living,
1/15/2020,Description Removed,6.41,Credit Card 1,Living,
1/17/2020,Description Removed,17.44,Credit Card 1,Living,
1/17/2020,Description Removed,23.56,Credit Card 1,Car,
1/17/2020,Description Removed,5.34,Credit Card 1,Living,
1/17/2020,WATER,24.16,Bank,Living,
1/18/2020,Description Removed,2.75,Credit Card 1,Living,
1/18/2020,Description Removed,77.95,Credit Card 2,Living,
1/18/2020,Description Removed,5.29,Credit Card 1,Living,
1/20/2020,Description Removed,11.44,Credit Card 1,Living,
1/20/2020,Description Removed,19.84,Credit Card 1,Leisure,
1/20/2020,Description Removed,56.13,Credit Card 1,Leisure,
1/20/2020,SEWAGE,2.64,Credit Card 2,Living,
1/20/2020,Description Removed,5.29,Credit Card 1,Living,
1/20/2020,Description Removed,15.89,Credit Card 1,Leisure,
1/21/2020,Description Removed,9.29,Credit Card 1,Living,
1/21/2020,Description Removed,6.63,Credit Card 1,Leisure,
1/21/2020,Description Removed,15.77,Credit Card 1,Leisure,
1/21/2020,Description Removed,10.49,Credit Card 1,Leisure,
1/21/2020,Description Removed,35.51,Credit Card 1,Living,
1/21/2020,Description Removed,5.29,Credit Card 1,Living,
1/21/2020,Description Removed,7.8,Credit Card 1,Living,
1/21/2020,Description Removed,43.52,Credit Card 1,Leisure,
1/23/2020,Description Removed,5.34,Credit Card 1,Living,
1/23/2020,Description Removed,7.8,Credit Card 1,Living,
1/24/2020,Description Removed,3.25,Credit Card 2,Leisure,
1/24/2020,Description Removed,4.16,Gift Card,Leisure,
1/24/2020,Description Removed,25.93,Credit Card 1,Car,
1/25/2020,Description Removed,3,Cash,Leisure,
1/25/2020,Description Removed,17.82,Credit Card 1,Living,
1/25/2020,Description Removed,0.75,Credit Card 2,Leisure,
1/25/2020,Description Removed,5.34,Credit Card 1,Living,
1/25/2020,Description Removed,20,Credit Card 1,Living,
1/27/2020,ELECTRIC,60.75,Credit Card 2,Living,
2/1/2020,Description Removed,65.56,Credit Card 1,Living,
2/2/2020,Description Removed,7.99,Credit Card 1,Living,
2/3/2020,Description Removed,895,Bank,Living,
2/3/2020,Description Removed,5.72,Credit Card 1,Healthcare,
2/4/2020,Description Removed,24.59,Credit Card 1,Living,
2/6/2020,Description Removed,7.41,Credit Card 1,Living,
2/6/2020,Description Removed,25.26,Credit Card 1,Living,
2/6/2020,Description Removed,140.1,Credit Card 3,Healthcare,
2/6/2020,Description Removed,63.9,Credit Card 3,Healthcare,
2/6/2020,Description Removed,94.95,Credit Card 3,Healthcare,
2/7/2020,Description Removed,1.06,Credit Card 1,Gifts,
2/7/2020,Description Removed,25.12,Credit Card 1,Living,
2/7/2020,Description Removed,5.3,Credit Card 1,Living,
2/7/2020,Description Removed,7.99,Credit Card 1,Music,
2/7/2020,Description Removed,6,Credit Card 2,Living,
2/7/2020,Description Removed,6,Credit Card 2,Living,
2/7/2020,Description Removed,10.75,Credit Card 1,Leisure,
2/9/2020,Description Removed,22.22,Credit Card 1,Car,
2/9/2020,Description Removed,30.75,Credit Card 1,Living,
2/11/2020,Description Removed,32.06,Credit Card 1,Car,
2/12/2020,Description Removed,30,Bank,Gifts,
2/12/2020,Description Removed,17.1,Credit Card 1,Living,
2/12/2020,Description Removed,5.34,Credit Card 1,Living,
2/12/2020,Description Removed,7.8,Credit Card 1,Living,
2/14/2020,Description Removed,47.94,Credit Card 1,Living,
2/16/2020,Description Removed,10.51,Credit Card 2,Living,
2/16/2020,Description Removed,23.29,Credit Card 1,Car,
2/16/2020,Description Removed,25.98,Credit Card 1,Living,
2/18/2020,Description Removed,77.95,Credit Card 2,Living,
2/19/2020,Description Removed,3,Credit Card 1,Leisure,
2/20/2020,Description Removed,25.88,Credit Card 1,Healthcare,
2/20/2020,SEWAGE,17.48,Credit Card 2,Living,
2/20/2020,Description Removed,5.34,Credit Card 1,Living,
2/20/2020,WATER,24.38,Bank,Living,
2/21/2020,Description Removed,27.6,Credit Card 1,Car,
2/22/2020,Description Removed,15.41,Credit Card 1,Living,
2/22/2020,Description Removed,23.3,Credit Card 1,Leisure,
2/22/2020,Description Removed,5.34,Credit Card 1,Living,
2/22/2020,Description Removed,54.02,Credit Card 3,Healthcare,
2/23/2020,Description Removed,5.3,Credit Card 1,Living,
2/24/2020,Description Removed,16,Bank,Living,
2/24/2020,Description Removed,30,Bank,Gifts,
2/24/2020,ELECTRIC,62.58,Credit Card 2,Living,
2/24/2020,Description Removed,5.29,Credit Card 1,Living,
2/25/2020,Description Removed,31.09,Credit Card 1,Living,
2/25/2020,Description Removed,5.66,Credit Card 1,Living,
2/27/2020,Description Removed,6.35,Credit Card 1,Leisure,
2/27/2020,Description Removed,10.59,Credit Card 1,Living,
2/27/2020,Description Removed,2.69,Credit Card 1,Leisure,
2/27/2020,Description Removed,25.47,Credit Card 1,Car,
2/27/2020,Description Removed,5.34,Credit Card 1,Living,
2/27/2020,Description Removed,6.52,Credit Card 1,Living,
2/28/2020,Description Removed,38.49,Credit Card 1,Living,
2/29/2020,Description Removed,28.88,Credit Card 1,Healthcare,
2/29/2020,Description Removed,5.29,Credit Card 1,Living,
3/1/2020,Description Removed,5.29,Credit Card 1,Living,
3/2/2020,Description Removed,895,Bank,Living,
3/2/2020,Description Removed,31.88,Credit Card 1,Living,
3/3/2020,Description Removed,2.25,Credit Card 2,Living,
3/4/2020,Description Removed,12.07,Credit Card 1,Leisure,
3/4/2020,Description Removed,5.34,Credit Card 1,Living,
3/4/2020,Description Removed,7.8,Credit Card 1,Living,
3/5/2020,Description Removed,24.38,Credit Card 1,Car,
3/5/2020,Description Removed,21.2,Credit Card 1,Leisure,
3/6/2020,Description Removed,5.34,Credit Card 1,Living,
3/7/2020,Description Removed,6.36,Credit Card 1,Healthcare,
3/7/2020,Description Removed,21.95,Credit Card 1,Healthcare,
3/7/2020,Description Removed,58.6,Credit Card 1,Living,
3/7/2020,Description Removed,5.34,Credit Card 1,Living,
3/7/2020,Description Removed,7.99,Credit Card 1,Music,
3/8/2020,Description Removed,19.07,Credit Card 1,Living,
3/8/2020,Description Removed,51.7,Credit Card 1,Leisure,
3/9/2020,Description Removed,20,Bank,Leisure,
3/9/2020,Description Removed,13.77,Credit Card 1,Healthcare,
3/9/2020,Description Removed,12,Credit Card 1,Living,
3/10/2020,Description Removed,5.34,Credit Card 1,Living,
3/11/2020,Description Removed,23.18,Credit Card 1,Car,
3/12/2020,Description Removed,5.29,Credit Card 1,Living,
3/12/2020,Description Removed,6.52,Credit Card 1,Living,
3/13/2020,Description Removed,55.2,Credit Card 1,Living,
3/13/2020,Description Removed,0.75,Credit Card 2,Living,
3/13/2020,Description Removed,20,Credit Card 1,Living,
3/13/2020,Description Removed,63.9,Credit Card 3,Healthcare,
3/13/2020,Description Removed,94.94,Credit Card 3,Healthcare,
3/15/2020,Description Removed,116.6,Credit Card 1,Taxes,
3/15/2020,Description Removed,5.29,Credit Card 1,Living,
3/16/2020,Description Removed,10.51,Credit Card 2,Living,
3/17/2020,Description Removed,411,Bank,Taxes,
3/17/2020,Description Removed,16.99,Credit Card 1,Healthcare,
3/17/2020,Description Removed,58.81,Credit Card 1,Living,
3/18/2020,Description Removed,77.95,Credit Card 2,Living,
3/18/2020,Description Removed,52.51,Gift Card,Leisure,
3/19/2020,Description Removed,12.97,Credit Card 1,Healthcare,
3/19/2020,Description Removed,16.99,Credit Card 1,Healthcare,
3/19/2020,Description Removed,12.95,Credit Card 1,Healthcare,
3/19/2020,SEWAGE,8.74,Credit Card 2,Living,
3/19/2020,Description Removed,72,Credit Card 3,Healthcare,
3/20/2020,Description Removed,7.41,Credit Card 1,Car,
3/20/2020,Description Removed,13,Credit Card 2,Healthcare,
3/20/2020,WATER,24.38,Bank,Living,
3/20/2020,Description Removed,3.96,Gift Card,Healthcare,
3/21/2020,Description Removed,28.95,Credit Card 1,Living,
3/21/2020,Description Removed,5.29,Credit Card 1,Living,
3/23/2020,ELECTRIC,64.18,Credit Card 2,Living,
3/24/2020,Description Removed,7.41,Credit Card 1,Living,
3/24/2020,Description Removed,3.99,Credit Card 1,Living,
3/25/2020,Description Removed,23.22,Gift Card,Leisure,
3/26/2020,Description Removed,35.31,Credit Card 1,Leisure,
3/28/2020,Description Removed,30.62,Credit Card 1,Leisure,
3/28/2020,Description Removed,17.35,Credit Card 1,Living,
4/1/2020,Description Removed,895,Bank,Living,
4/1/2020,Description Removed,73.31,Credit Card 1,Car,
4/1/2020,Description Removed,42.34,Credit Card 1,Living,
4/1/2020,Description Removed,6.6,Credit Card 1,Living,
4/2/2020,Description Removed,26,Bank,Living,
4/2/2020,Description Removed,2.11,Credit Card 1,Living,
4/7/2020,Description Removed,30.24,Credit Card 1,Living,
4/7/2020,Description Removed,7.99,Credit Card 1,Music,
4/8/2020,Description Removed,4.99,Credit Card 1,Living,
4/11/2020,Description Removed,24.92,Credit Card 1,Living,
4/11/2020,Description Removed,53.15,Credit Card 1,Living,
4/16/2020,Description Removed,10.51,Credit Card 2,Living,
4/18/2020,Description Removed,77.95,Credit Card 2,Living,
4/18/2020,Description Removed,18.4,Credit Card 1,Living,
4/20/2020,Description Removed,25,Bank,Living,
4/20/2020,SEWAGE,17.48,Credit Card 2,Living,
4/20/2020,WATER,23.94,Bank,Living,
4/22/2020,ELECTRIC,51.68,Credit Card 2,Living,
4/23/2020,Description Removed,41.83,Credit Card 1,Living,
4/27/2020,Description Removed,25,Bank,Living,
4/28/2020,Description Removed,21.57,Credit Card 1,Living,
4/30/2020,Description Removed,5.49,Credit Card 1,Living,
4/30/2020,Description Removed,14.94,Credit Card 1,Leisure,
5/1/2020,Description Removed,895,Bank,Living,
5/1/2020,Description Removed,73.31,Credit Card 1,Car,
5/4/2020,Description Removed,35.64,Credit Card 1,Living,
5/5/2020,Description Removed,15,Bank,Leisure,
5/7/2020,Description Removed,7.99,Credit Card 1,Music,
5/9/2020,Description Removed,0.53,Credit Card 1,Gifts,
5/9/2020,Description Removed,15.79,Credit Card 1,Car,
5/12/2020,Description Removed,29.98,Credit Card 1,Living,
5/12/2020,Description Removed,15.69,Credit Card 1,Car,
5/16/2020,Description Removed,10.51,Credit Card 2,Living,
5/17/2020,Description Removed,19.28,Credit Card 1,Living,
5/18/2020,Description Removed,77.95,Credit Card 2,Living,
5/20/2020,SEWAGE,8.74,Credit Card 2,Living,
5/20/2020,WATER,24.38,Bank,Living,
5/22/2020,Description Removed,5.71,Credit Card 1,Living,
5/22/2020,Description Removed,23.55,Credit Card 1,Living,
5/22/2020,Description Removed,26,Credit Card 1,Living,
5/24/2020,Description Removed,20,Cash,Leisure,
5/25/2020,Description Removed,90,Credit Card 1,Car,
5/26/2020,ELECTRIC,48.34,Credit Card 2,Living,
5/27/2020,Description Removed,50.66,Credit Card 1,Leisure,
5/28/2020,Description Removed,54.4,Credit Card 1,Living,
6/1/2020,Description Removed,895,Bank,Living,
6/1/2020,Description Removed,73.31,Credit Card 1,Car,
6/1/2020,Description Removed,14.68,Credit Card 1,Living,
6/2/2020,Description Removed,8.47,Credit Card 1,Living,
6/3/2020,Description Removed,28.61,Credit Card 1,Living,
6/4/2020,Description Removed,8.66,Credit Card 1,Living,
6/5/2020,Description Removed,18.41,Credit Card 1,Car,
6/7/2020,Description Removed,7.99,Credit Card 1,Music,
6/8/2020,Description Removed,63.55,Credit Card 1,Leisure,
6/8/2020,Description Removed,7.73,Credit Card 1,Leisure,
6/9/2020,Description Removed,6.35,Credit Card 1,Living,
6/9/2020,Description Removed,37.49,Credit Card 1,Living,
6/11/2020,Description Removed,12,Credit Card 1,Living,
6/11/2020,Description Removed,83.82,Credit Card 1,Music,
6/11/2020,Description Removed,50.07,Credit Card 1,Leisure,
6/15/2020,Description Removed,32.45,Credit Card 1,Leisure,
6/16/2020,Description Removed,10.51,Credit Card 2,Living,
6/16/2020,Description Removed,37.88,Credit Card 1,Living,
6/17/2020,Description Removed,5.3,Credit Card 1,Leisure,
6/17/2020,Description Removed,15.35,Credit Card 1,Healthcare,
6/18/2020,Description Removed,3.49,Credit Card 1,Healthcare,
6/18/2020,Description Removed,30.73,Credit Card 1,Healthcare,
6/18/2020,Description Removed,77.95,Credit Card 2,Living,
6/18/2020,SEWAGE,17.48,Credit Card 2,Living,
6/19/2020,Description Removed,22,Credit Card 1,Living,
6/19/2020,WATER,24.59,Bank,Living,
6/20/2020,Description Removed,5.71,Credit Card 1,Living,
6/20/2020,Description Removed,8.13,Credit Card 1,Living,
6/21/2020,Description Removed,1.06,Credit Card 1,Gifts,
6/22/2020,ELECTRIC,51.37,Credit Card 2,Living,
6/22/2020,Description Removed,10.6,Credit Card 1,Leisure,
6/23/2020,Description Removed,51.48,Credit Card 1,Living,
6/25/2020,Description Removed,50,Bank,Gifts,
6/28/2020,Description Removed,37.86,Credit Card 1,Living,
6/30/2020,Description Removed,33.9,Credit Card 1,Living,
7/1/2020,Description Removed,895,Bank,Living,
7/1/2020,Description Removed,73.31,Credit Card 1,Car,
7/1/2020,Description Removed,27.99,Credit Card 1,Car,
7/2/2020,Description Removed,13.78,Gift Card,Living,
7/5/2020,Description Removed,25.71,Credit Card 1,Living,
7/6/2020,Description Removed,50,Bank,Leisure,
7/7/2020,Description Removed,1.88,Credit Card 1,Living,
7/7/2020,Description Removed,7.99,Credit Card 1,Music,
7/8/2020,Description Removed,32.45,Credit Card 1,Leisure,
7/9/2020,Description Removed,34.25,Credit Card 1,Living,
7/11/2020,Description Removed,19.99,Credit Card 1,Music,
7/12/2020,Description Removed,13.16,Credit Card 1,Living,
7/13/2020,Description Removed,6.67,Credit Card 1,Living,
7/16/2020,Description Removed,10.51,Credit Card 2,Living,
7/17/2020,Description Removed,10.6,Credit Card 1,Living,
7/18/2020,Description Removed,77.95,Credit Card 2,Living,
7/18/2020,Description Removed,5.71,Credit Card 1,Living,
7/18/2020,Description Removed,46.23,Credit Card 1,Living,
7/18/2020,Description Removed,19.78,Credit Card 1,Car,
7/19/2020,Description Removed,1.99,Credit Card 1,Living,
7/20/2020,SEWAGE,8.74,Credit Card 2,Living,
7/20/2020,WATER,23.94,Bank,Living,
7/22/2020,Description Removed,30,Bank,Leisure,
7/22/2020,ELECTRIC,49.27,Credit Card 2,Living,
7/23/2020,Description Removed,0.75,Credit Card 2,Living,
7/23/2020,Description Removed,20,Credit Card 1,Living,
7/23/2020,Description Removed,10.6,Credit Card 1,Living,
7/25/2020,Description Removed,279.76,Credit Card 1,Car,
7/25/2020,Description Removed,139.1,Credit Card 1,Leisure,
7/25/2020,Description Removed,6.99,Credit Card 1,Car,
7/26/2020,Description Removed,31.13,Credit Card 1,Living,
7/27/2020,Description Removed,22.21,Credit Card 1,Living,
7/29/2020,Description Removed,139,Gift Card,Leisure,
7/30/2020,Description Removed,0.53,Credit Card 1,Gifts,
7/31/2020,Description Removed,39.12,Credit Card 1,Living,
8/1/2020,Description Removed,73.31,Credit Card 1,Car,
8/3/2020,Description Removed,895,Bank,Living,
8/4/2020,Description Removed,21.57,Credit Card 1,Living,
8/5/2020,Description Removed,8.48,Credit Card 1,Living,
8/6/2020,Description Removed,13.73,Credit Card 1,Living,
8/6/2020,Description Removed,46.3,Credit Card 1,Living,
8/7/2020,Description Removed,4.23,Credit Card 1,Living,
8/7/2020,Description Removed,2.91,Credit Card 1,Living,
8/7/2020,Description Removed,7.99,Credit Card 1,Music,
8/8/2020,Description Removed,5.23,Credit Card 1,Living,
8/9/2020,Description Removed,12,Credit Card 1,Car,
8/10/2020,Description Removed,51.03,Credit Card 1,Living,
8/14/2020,Description Removed,5.71,Credit Card 1,Living,
8/14/2020,Description Removed,32.64,Credit Card 1,Living,
8/15/2020,Description Removed,27.81,Credit Card 1,Car,
8/15/2020,Description Removed,5.98,Credit Card 1,Living,
8/15/2020,Description Removed,22.66,Credit Card 1,Car,
8/16/2020,Description Removed,11.73,Credit Card 1,Leisure,
8/16/2020,Description Removed,10.51,Credit Card 2,Living,
8/16/2020,Description Removed,14.83,Credit Card 1,Music,
8/16/2020,Description Removed,32.06,Credit Card 1,Living,
8/18/2020,Description Removed,500,Bank,Gifts,
8/18/2020,Description Removed,77.95,Credit Card 2,Living,
8/20/2020,Description Removed,5.29,Credit Card 1,Living,
8/20/2020,Description Removed,39.59,Credit Card 1,Living,
8/20/2020,SEWAGE,8.74,Credit Card 2,Living,
8/20/2020,WATER,23.72,Bank,Living,
8/21/2020,Description Removed,9.53,Credit Card 1,Music,
8/22/2020,Description Removed,2.88,Credit Card 1,Living,
8/23/2020,Description Removed,20.14,Credit Card 1,Music,
8/24/2020,ELECTRIC,54.11,Credit Card 2,Living,
8/24/2020,Description Removed,23.65,Credit Card 1,Car,
8/25/2020,Description Removed,10.6,Credit Card 1,Living,
8/25/2020,Description Removed,7.36,Credit Card 1,Living,
8/26/2020,Description Removed,39.42,Credit Card 1,Living,
8/28/2020,Description Removed,52.5,Credit Card 1,Car,
8/29/2020,Description Removed,29.85,Credit Card 1,Living,
9/1/2020,Description Removed,895,Bank,Living,
9/1/2020,Description Removed,73.31,Credit Card 1,Car,
9/1/2020,Description Removed,31.15,Credit Card 1,Living,
9/1/2020,Description Removed,10.33,Credit Card 1,Leisure,
9/5/2020,Description Removed,14.51,Credit Card 1,Living,
9/6/2020,Description Removed,15.88,Credit Card 1,Living,
9/7/2020,Description Removed,7.99,Credit Card 1,Music,
9/8/2020,Description Removed,15.43,Credit Card 1,Living,
9/9/2020,Description Removed,105.93,Credit Card 1,Music,
9/9/2020,Description Removed,40,Credit Card 2,Healthcare,
9/10/2020,Description Removed,15.22,Credit Card 1,Car,
9/10/2020,Description Removed,47.68,Credit Card 1,Living,
9/12/2020,Description Removed,20.1,Credit Card 1,Gifts,
9/15/2020,Description Removed,5.82,Credit Card 1,Living,
9/15/2020,Description Removed,20.57,Credit Card 1,Living,
9/15/2020,Description Removed,23.25,Credit Card 1,Healthcare,
9/15/2020,Description Removed,97.9,Credit Card 1,Healthcare,
9/16/2020,Description Removed,10.51,Credit Card 2,Living,
9/16/2020,Description Removed,6.51,Credit Card 1,Music,
9/17/2020,Description Removed,13.42,Credit Card 1,Healthcare,
9/17/2020,Description Removed,49.55,Credit Card 1,Leisure,
9/18/2020,Description Removed,77.95,Credit Card 2,Living,
9/18/2020,Description Removed,4.03,Credit Card 1,Living,
9/18/2020,Description Removed,0.75,Credit Card 2,Living,
9/18/2020,WATER,24.81,Bank,Living,
9/20/2020,Description Removed,19.07,Credit Card 1,Living,
9/20/2020,Description Removed,41.62,Credit Card 1,Living,
9/21/2020,ELECTRIC,59.36,Credit Card 2,Living,
9/21/2020,SEWAGE,17.48,Credit Card 2,Living,
9/21/2020,Description Removed,14.75,Credit Card 1,Leisure,
9/22/2020,Description Removed,13.07,Credit Card 1,Living,
9/23/2020,Description Removed,25.45,Credit Card 1,Car,
9/23/2020,Description Removed,7.82,Credit Card 1,Living,
9/25/2020,Description Removed,14.31,Credit Card 1,Music,
9/25/2020,Description Removed,10.59,Credit Card 1,Living,
9/25/2020,Description Removed,6.35,Credit Card 1,Living,
9/25/2020,Description Removed,18.5,Gift Card,Living,
9/26/2020,Description Removed,45.63,Credit Card 1,Living,
9/30/2020,Description Removed,4.77,Credit Card 1,Living,
10/1/2020,Description Removed,895,Bank,Living,
10/1/2020,Description Removed,21,Bank,Leisure,
10/1/2020,Description Removed,13.07,Credit Card 1,Living,
10/1/2020,Description Removed,62.37,Credit Card 1,Car,
10/3/2020,Description Removed,46.24,Credit Card 1,Living,
10/5/2020,Description Removed,27.12,Credit Card 1,Car,
10/6/2020,Description Removed,7.94,Credit Card 1,Living,
10/7/2020,Description Removed,25.05,Credit Card 1,Living,
10/7/2020,Description Removed,47.49,Credit Card 1,Living,
10/7/2020,Description Removed,5.34,Credit Card 1,Living,
10/7/2020,Description Removed,7.99,Credit Card 1,Music,
10/8/2020,Description Removed,5.34,Credit Card 1,Living,
10/11/2020,Description Removed,0.75,Credit Card 2,Living,
10/12/2020,Description Removed,56.36,Credit Card 1,Living,
10/12/2020,Description Removed,14.83,Credit Card 1,Leisure,
10/12/2020,Description Removed,14.75,Credit Card 1,Leisure,
10/13/2020,Description Removed,15,Bank,Leisure,
10/13/2020,Description Removed,25.43,Credit Card 1,Leisure,
10/13/2020,Description Removed,7.37,Credit Card 1,Living,
10/13/2020,Description Removed,5.34,Credit Card 1,Living,
10/14/2020,Description Removed,0.62,Credit Card 1,Music,
10/14/2020,Description Removed,23.08,Credit Card 1,Music,
10/16/2020,Description Removed,10.51,Credit Card 2,Living,
10/16/2020,Description Removed,38.87,Credit Card 1,Living,
10/16/2020,Description Removed,5.34,Credit Card 1,Living,
10/18/2020,Description Removed,77.95,Credit Card 2,Living,
10/19/2020,Description Removed,8.56,Credit Card 1,Living,
10/20/2020,SEWAGE,8.74,Credit Card 2,Living,
10/20/2020,Description Removed,24.86,Credit Card 1,Car,
10/21/2020,Description Removed,21.45,Credit Card 1,Living,
10/21/2020,WATER,24.59,Bank,Living,
10/23/2020,Description Removed,13.37,Credit Card 1,Living,
10/23/2020,Description Removed,28.18,Credit Card 1,Living,
10/24/2020,Description Removed,4.22,Credit Card 1,Living,
10/25/2020,Description Removed,7.7,Credit Card 1,Living,
10/25/2020,Description Removed,31.62,Credit Card 1,Living,
10/26/2020,ELECTRIC,48.24,Credit Card 2,Living,
10/26/2020,Description Removed,31.79,Credit Card 1,Leisure,
10/30/2020,Description Removed,35,Bank,Music,
10/30/2020,Description Removed,15,Bank,Leisure,
10/30/2020,Description Removed,27.51,Credit Card 1,Living,
10/30/2020,Description Removed,30.5,Credit Card 1,Living,
10/30/2020,Description Removed,5.34,Credit Card 1,Living,
11/1/2020,Description Removed,15.88,Credit Card 1,Living,
11/1/2020,Description Removed,13.07,Credit Card 1,Living,
11/1/2020,Description Removed,62.37,Credit Card 1,Car,
11/1/2020,Description Removed,16.38,Credit Card 1,Living,
11/1/2020,Description Removed,41.82,Credit Card 1,Living,
11/2/2020,Description Removed,895,Bank,Living,
11/2/2020,Description Removed,4.18,Credit Card 1,Living,
11/2/2020,Description Removed,14.75,Credit Card 1,Leisure,
11/3/2020,Description Removed,27.51,Credit Card 1,Car,
11/4/2020,Description Removed,18.01,Credit Card 1,Living,
11/4/2020,Description Removed,6.32,Credit Card 1,Living,
11/5/2020,Description Removed,5.34,Credit Card 1,Leisure,
11/6/2020,Description Removed,12,Credit Card 1,Car,
11/6/2020,Description Removed,103.6,Credit Card 1,Car,
11/7/2020,Description Removed,34.82,Credit Card 1,Living,
11/7/2020,Description Removed,5.34,Credit Card 1,Living,
11/7/2020,Description Removed,7.99,Credit Card 1,Music,
11/8/2020,Description Removed,12.96,Credit Card 1,Living,
11/9/2020,Description Removed,35,Bank,Music,
11/10/2020,Description Removed,28.81,Credit Card 1,Leisure,
11/11/2020,Description Removed,39.37,Credit Card 1,Living,
11/13/2020,Description Removed,35,Bank,Music,
11/13/2020,Description Removed,45.63,Credit Card 1,Living,
11/13/2020,Description Removed,27.43,Credit Card 1,Car,
11/16/2020,Description Removed,10.51,Credit Card 2,Living,
11/16/2020,Description Removed,27.17,Credit Card 1,Living,
11/16/2020,Description Removed,45.94,Credit Card 1,Living,
11/17/2020,Description Removed,519,Credit Card 1,Music,
11/17/2020,Description Removed,7.68,Credit Card 1,Living,
11/17/2020,Description Removed,5.34,Credit Card 1,Living,
11/17/2020,Description Removed,28.87,Credit Card 1,Gifts,
11/18/2020,Description Removed,77.95,Credit Card 2,Living,
11/19/2020,SEWAGE,17.48,Credit Card 2,Living,
11/20/2020,Description Removed,35,Bank,Music,
11/20/2020,WATER,25.03,Bank,Living,
11/21/2020,Description Removed,15.1,Credit Card 1,Living,
11/21/2020,Description Removed,24.36,Credit Card 1,Gifts,
11/23/2020,ELECTRIC,47.28,Credit Card 2,Living,
11/23/2020,Description Removed,14.75,Credit Card 1,Leisure,
11/24/2020,Description Removed,8.08,Credit Card 1,Living,
11/24/2020,Description Removed,29.99,Gift Card,Music,
11/25/2020,Description Removed,40,Bank,Living,
11/26/2020,Description Removed,1.05,Credit Card 1,Music,
11/26/2020,Description Removed,39.15,Credit Card 1,Music,
11/27/2020,Description Removed,8.46,Credit Card 1,Living,
11/28/2020,Description Removed,56.6,Credit Card 1,Living,
11/29/2020,Description Removed,14.3,Credit Card 1,Car,
11/29/2020,Description Removed,17.89,Credit Card 1,Car,
11/30/2020,Description Removed,127.18,Credit Card 1,Living,
11/30/2020,Description Removed,20,Cash,Gifts,
12/1/2020,Description Removed,895,Bank,Living,
12/1/2020,Description Removed,13.07,Credit Card 1,Living,
12/1/2020,Description Removed,62.37,Credit Card 1,Car,
12/1/2020,Description Removed,1.36,Gift Card,Gifts,
12/1/2020,Description Removed,59.2,Credit Card 1,Gifts,
12/2/2020,Description Removed,30.32,Credit Card 1,Living,
12/4/2020,Description Removed,1.15,Credit Card 2,Leisure,
12/4/2020,Description Removed,27.64,Credit Card 1,Car,
12/4/2020,Description Removed,39.26,Credit Card 1,Leisure,
12/5/2020,Description Removed,8.48,Credit Card 1,Living,
12/5/2020,Description Removed,37.38,Credit Card 1,Living,
12/7/2020,Description Removed,35,Bank,Music,
12/7/2020,Description Removed,10.83,Credit Card 1,Living,
12/7/2020,Description Removed,7.99,Credit Card 1,Music,
12/8/2020,Description Removed,5.34,Credit Card 1,Living,
12/10/2020,Description Removed,42.68,Credit Card 1,Living,
12/11/2020,Description Removed,8.03,Credit Card 1,Leisure,
12/11/2020,Description Removed,10.14,Credit Card 1,Leisure,
12/14/2020,Description Removed,31.79,Credit Card 1,Gifts,
12/14/2020,Description Removed,29.95,Credit Card 1,Gifts,
12/14/2020,Description Removed,17.97,Credit Card 1,Gifts,
12/14/2020,Description Removed,14.75,Credit Card 1,Leisure,
12/15/2020,Description Removed,47.25,Credit Card 1,Living,
12/16/2020,Description Removed,10.51,Credit Card 2,Living,
12/16/2020,Description Removed,25.88,Credit Card 1,Healthcare,
12/16/2020,Description Removed,7.47,Credit Card 1,Living,
12/18/2020,Description Removed,77.95,Credit Card 2,Living,
12/18/2020,Description Removed,6.89,Credit Card 1,Gifts,
12/20/2020,Description Removed,38.94,Credit Card 1,Living,
12/21/2020,Description Removed,35,Bank,Music,
12/21/2020,Description Removed,15,Bank,Living,
12/21/2020,Description Removed,13.71,Credit Card 1,Living,
12/21/2020,Description Removed,7.41,Credit Card 1,Leisure,
12/21/2020,SEWAGE,17.48,Credit Card 2,Living,
12/21/2020,Description Removed,5.34,Credit Card 1,Living,
12/21/2020,WATER,25.47,Bank,Living,
12/22/2020,ELECTRIC,64.06,Credit Card 2,Living,
12/24/2020,Description Removed,27.05,Credit Card 1,Gifts,
12/24/2020,Description Removed,25.51,Credit Card 1,Car,
12/25/2020,Description Removed,5.34,Credit Card 1,Living,
12/25/2020,Description Removed,7.23,Credit Card 1,Living,
12/26/2020,Description Removed,13.39,Credit Card 1,Living,
12/26/2020,Description Removed,37.03,Credit Card 1,Living,
12/27/2020,Description Removed,6.99,Credit Card 1,Living,
12/30/2020,Description Removed,57.46,Credit Card 1,Living,
12/30/2020,Description Removed,5.34,Credit Card 1,Living,
12/31/2020,Description Removed,35,Bank,Music,
1/1/2021,Description Removed,13.07,Credit Card 1,Living,
1/1/2021,Description Removed,62.37,Credit Card 1,Car,
1/2/2021,Description Removed,31.79,Credit Card 1,Music,
1/2/2021,Description Removed,26.06,Credit Card 1,Living,
1/4/2021,Description Removed,895,Bank,Living,
1/4/2021,Description Removed,14.75,Credit Card 1,Leisure,
1/5/2021,Description Removed,53.5,Credit Card 1,Living,
1/7/2021,Description Removed,7.99,Credit Card 1,Music,
1/8/2021,Description Removed,35,Bank,Music,
1/8/2021,Description Removed,12,Bank,Leisure,
1/8/2021,Description Removed,42.24,Credit Card 1,Living,
1/8/2021,Description Removed,8.99,Credit Card 1,Leisure,
1/8/2021,Description Removed,5.34,Credit Card 1,Living,
1/9/2021,Description Removed,5.34,Credit Card 1,Living,
1/10/2021,Description Removed,22.01,Credit Card 1,Living,
1/11/2021,Description Removed,75,Bank,Gifts,
1/14/2021,Description Removed,22.51,Credit Card 1,Car,
1/15/2021,Description Removed,18.02,Credit Card 1,Leisure,
1/15/2021,Description Removed,5.35,Credit Card 1,Living,
1/16/2021,Description Removed,10.51,Credit Card 2,Living,
1/16/2021,Description Removed,61.22,Credit Card 1,Living,
1/16/2021,Description Removed,30,Credit Card 1,Gifts,
1/18/2021,Description Removed,80.95,Credit Card 2,Living,
1/19/2021,Description Removed,35,Bank,Music,
1/19/2021,Description Removed,1.59,Credit Card 1,Gifts,
1/19/2021,Description Removed,35.56,Credit Card 1,Living,
1/19/2021,SEWAGE,17.48,Credit Card 2,Living,
1/20/2021,WATER,25.25,Bank,Living,
1/21/2021,Description Removed,250,Cash,Music,
1/22/2021,Description Removed,35,Bank,Music,
1/22/2021,Description Removed,20.48,Credit Card 1,Living,
1/22/2021,Description Removed,5.34,Credit Card 1,Living,
1/23/2021,Description Removed,5.34,Credit Card 1,Living,
1/24/2021,Description Removed,15.8,Credit Card 1,Living,
1/24/2021,Description Removed,13.35,Credit Card 1,Living,
1/25/2021,Description Removed,4.38,Credit Card 1,Living,
1/25/2021,Description Removed,14.75,Credit Card 1,Leisure,
1/26/2021,ELECTRIC,85.64,Credit Card 2,Living,
1/26/2021,Description Removed,12,Credit Card 1,Living,
1/26/2021,Description Removed,30.11,Credit Card 1,Living,
1/26/2021,Description Removed,25.55,Credit Card 1,Car,
1/27/2021,Description Removed,35,Bank,Music,
1/29/2021,Description Removed,4.51,Credit Card 1,Living,
1/29/2021,Description Removed,5.34,Credit Card 1,Living,
1/30/2021,Description Removed,53.8,Credit Card 1,Living,
1/31/2021,Description Removed,42.39,Credit Card 1,Living,
1/31/2021,Description Removed,12.18,Credit Card 1,Living,
2/1/2021,Description Removed,895,Bank,Living,
2/1/2021,Description Removed,19.07,Credit Card 1,Living,
2/1/2021,Description Removed,13.07,Credit Card 1,Living,
2/1/2021,Description Removed,62.37,Credit Card 1,Car,
2/3/2021,Description Removed,35,Bank,Music,
2/3/2021,Description Removed,12.98,Credit Card 1,Gifts,
2/3/2021,Description Removed,89,Credit Card 1,Healthcare,
2/4/2021,Description Removed,57.37,Credit Card 1,Living,
2/4/2021,Description Removed,26.67,Credit Card 1,Car,
2/5/2021,Description Removed,5.34,Credit Card 1,Living,
2/7/2021,Description Removed,15.89,Credit Card 1,Living,
2/7/2021,Description Removed,32.81,Credit Card 1,Living,
2/7/2021,Description Removed,7.99,Credit Card 1,Music,
2/9/2021,Description Removed,28.76,Credit Card 1,Living,
2/9/2021,Description Removed,5.23,Credit Card 1,Living,
2/10/2021,Description Removed,35,Bank,Music,
2/10/2021,Description Removed,5.34,Credit Card 1,Living,
2/12/2021,Description Removed,22.59,Credit Card 1,Living,
2/12/2021,Description Removed,5.34,Credit Card 1,Living,
2/13/2021,Description Removed,45.58,Credit Card 1,Healthcare,
2/13/2021,Description Removed,23.03,Credit Card 1,Car,
2/13/2021,Description Removed,5.34,Credit Card 1,Living,
2/14/2021,Description Removed,5.34,Credit Card 1,Living,
2/15/2021,Description Removed,8.05,Credit Card 1,Music,
2/15/2021,Description Removed,7.36,Credit Card 1,Living,
2/15/2021,Description Removed,39.35,Credit Card 1,Living,
2/15/2021,Description Removed,14.75,Credit Card 1,Leisure,
2/16/2021,Description Removed,10.52,Credit Card 1,Living,
2/17/2021,Description Removed,35,Bank,Music,
2/17/2021,Description Removed,5.34,Credit Card 1,Living,
2/18/2021,Description Removed,80.95,Credit Card 2,Living,
2/18/2021,SEWAGE,17.48,Credit Card 2,Living,
2/20/2021,Description Removed,43.24,Credit Card 1,Living,
2/21/2021,Description Removed,21.19,Credit Card 1,Music,
2/21/2021,Description Removed,31.46,Credit Card 1,Music,
2/21/2021,Description Removed,95.39,Gift Card,Leisure,
2/22/2021,Description Removed,30,Bank,Gifts,
2/22/2021,WATER,25.47,Bank,Living,
2/23/2021,Description Removed,23.38,Credit Card 1,Car,
2/24/2021,Description Removed,35,Bank,Music,
2/24/2021,ELECTRIC,82.47,Credit Card 2,Living,
2/24/2021,Description Removed,5.34,Credit Card 1,Living,
2/26/2021,Description Removed,26.35,Credit Card 1,Living,
2/26/2021,Description Removed,42.67,Credit Card 1,Living,
2/26/2021,Description Removed,0.75,Credit Card 2,Living,
2/26/2021,Description Removed,5.34,Credit Card 1,Living,
2/26/2021,Description Removed,20,Credit Card 1,Living,
2/26/2021,Description Removed,63.99,Credit Card 3,Healthcare,
2/26/2021,Description Removed,130.83,Credit Card 3,Healthcare,
2/27/2021,Description Removed,25.22,Credit Card 1,Leisure,
2/27/2021,Description Removed,84.8,Credit Card 1,Taxes,
2/28/2021,Description Removed,8.47,Credit Card 1,Living,
3/1/2021,Description Removed,895,Bank,Living,
3/1/2021,Description Removed,10.52,Credit Card 1,Living,
3/1/2021,Description Removed,13.07,Credit Card 1,Living,
3/1/2021,Description Removed,62.37,Credit Card 1,Car,
3/3/2021,Description Removed,684,Bank,Taxes,
3/3/2021,Description Removed,35,Bank,Music,
3/3/2021,Description Removed,38.99,Credit Card 1,Living,
3/3/2021,Description Removed,29.12,Credit Card 1,Car,
3/3/2021,Description Removed,225.38,Credit Card 3,Healthcare,
3/4/2021,Description Removed,5.34,Credit Card 1,Living,
3/5/2021,Description Removed,5.34,Credit Card 1,Living,
3/7/2021,Description Removed,7.99,Credit Card 1,Music,
3/7/2021,Description Removed,14.75,Credit Card 1,Leisure,
3/9/2021,Description Removed,53.96,Credit Card 1,Living,
3/10/2021,Description Removed,5.34,Credit Card 1,Living,
3/13/2021,Description Removed,19.66,Credit Card 1,Living,
3/13/2021,Description Removed,27.48,Credit Card 1,Car,
3/13/2021,Description Removed,5.34,Credit Card 1,Living,
3/15/2021,Description Removed,28,Credit Card 1,Gifts,
3/15/2021,Description Removed,5.34,Credit Card 1,Living,
3/17/2021,Description Removed,2,Credit Card 1,Living,
3/18/2021,Description Removed,35,Bank,Music,
3/18/2021,Description Removed,80.95,Credit Card 2,Living,
3/18/2021,SEWAGE,17.48,Credit Card 2,Living,
3/19/2021,Description Removed,33.44,Credit Card 1,Car,
3/19/2021,Description Removed,5.34,Credit Card 1,Living,
3/19/2021,WATER,25.47,Bank,Living,
3/20/2021,Description Removed,1.06,Credit Card 1,Gifts,
3/20/2021,Description Removed,33.93,Credit Card 1,Living,
3/20/2021,Description Removed,5.34,Credit Card 1,Living,
3/21/2021,Description Removed,30.51,Credit Card 1,Living,
3/23/2021,Description Removed,5.34,Credit Card 1,Living,
3/24/2021,ELECTRIC,68,Credit Card 2,Living,
3/25/2021,Description Removed,32.08,Credit Card 1,Car,
3/27/2021,Description Removed,5.34,Credit Card 1,Living,
3/28/2021,Description Removed,9.53,Credit Card 1,Music,
3/28/2021,Description Removed,62.41,Credit Card 1,Living,
3/28/2021,Description Removed,5.34,Credit Card 1,Living,
3/28/2021,Description Removed,14.75,Credit Card 1,Leisure,
3/31/2021,Description Removed,35,Bank,Music,
3/31/2021,Description Removed,5.34,Credit Card 1,Living,
4/1/2021,Description Removed,895,Bank,Living,
4/1/2021,Description Removed,10.52,Credit Card 1,Living,
4/1/2021,Description Removed,13.07,Credit Card 1,Living,
4/1/2021,Description Removed,66.44,Credit Card 1,Car,
4/2/2021,Description Removed,5.34,Credit Card 1,Living,
4/3/2021,Description Removed,34.63,Credit Card 1,Living,
4/3/2021,Description Removed,5.34,Credit Card 1,Living,
4/5/2021,Description Removed,13.9,Credit Card 1,Living,
4/6/2021,Description Removed,29.3,Credit Card 1,Car,
4/7/2021,Description Removed,7.99,Credit Card 1,Music,
4/9/2021,Description Removed,40.25,Credit Card 1,Living,
4/9/2021,Description Removed,5.34,Credit Card 1,Living,
4/11/2021,Description Removed,5.29,Credit Card 1,Music,
4/11/2021,Description Removed,35.57,Credit Card 1,Living,
4/13/2021,Description Removed,34.04,Credit Card 1,Living,
4/13/2021,Description Removed,26.49,Credit Card 1,Car,
4/13/2021,Description Removed,24.44,Credit Card 1,Living,
4/14/2021,Description Removed,5.34,Credit Card 1,Living,
4/15/2021,Description Removed,35,Bank,Music,
4/16/2021,Description Removed,5.34,Credit Card 1,Living,
4/17/2021,Description Removed,50.91,Credit Card 1,Living,
4/17/2021,Description Removed,5.34,Credit Card 1,Living,
4/18/2021,Description Removed,80.95,Credit Card 2,Living,
4/19/2021,Description Removed,9.26,Credit Card 1,Living,
4/19/2021,SEWAGE,17.48,Credit Card 2,Living,
4/19/2021,Description Removed,18.7,Credit Card 1,Car,
4/20/2021,Description Removed,5.34,Credit Card 1,Living,
4/20/2021,WATER,25.69,Bank,Living,
4/22/2021,Description Removed,32.64,Credit Card 1,Car,
4/22/2021,Description Removed,5.34,Credit Card 1,Living,
4/23/2021,Description Removed,34.89,Credit Card 1,Living,
4/25/2021,Description Removed,13.72,Credit Card 1,Living,
4/25/2021,Description Removed,14.75,Credit Card 1,Leisure,
4/26/2021,Description Removed,0.53,Credit Card 1,Gifts,
4/26/2021,ELECTRIC,52.4,Credit Card 2,Living,
4/26/2021,Description Removed,26.74,Credit Card 1,Living,
4/28/2021,Description Removed,35,Bank,Music,
4/28/2021,Description Removed,5.34,Credit Card 1,Living,
4/30/2021,Description Removed,5.34,Credit Card 1,Living,
4/30/2021,Description Removed,77.53,Credit Card 1,Healthcare,
4/30/2021,Description Removed,79.82,Credit Card 3,Healthcare,
5/1/2021,Description Removed,10.52,Credit Card 1,Living,
5/1/2021,Description Removed,13.07,Credit Card 1,Living,
5/1/2021,Description Removed,66.44,Credit Card 1,Car,
5/1/2021,Description Removed,29.42,Credit Card 1,Living,
5/1/2021,Description Removed,27.02,Credit Card 1,Living,
5/2/2021,Description Removed,5.34,Credit Card 1,Living,
5/3/2021,Description Removed,895,Bank,Living,
5/3/2021,Description Removed,19.93,Credit Card 1,Living,
5/7/2021,Description Removed,7.99,Credit Card 1,Music,
5/8/2021,Description Removed,13.99,Credit Card 1,Leisure,
5/8/2021,Description Removed,31.75,Credit Card 1,Living,
5/9/2021,Description Removed,0.53,Credit Card 1,Gifts,
5/9/2021,Description Removed,41.09,Credit Card 1,Living,
5/9/2021,Description Removed,5.34,Credit Card 1,Living,
5/10/2021,Description Removed,5.34,Credit Card 1,Living,
5/11/2021,Description Removed,13.49,Credit Card 1,Living,
5/12/2021,Description Removed,15.12,Credit Card 1,Car,
5/12/2021,Description Removed,5.34,Credit Card 1,Living,
5/13/2021,Description Removed,5.34,Credit Card 1,Living,
5/13/2021,Description Removed,22.44,Credit Card 1,Living,
5/15/2021,Description Removed,5.58,Credit Card 1,Living,
5/15/2021,Description Removed,45.42,Credit Card 1,Living,
5/17/2021,Description Removed,20.45,Credit Card 1,Living,
5/17/2021,Description Removed,14.75,Credit Card 1,Leisure,
5/18/2021,Description Removed,80.95,Credit Card 2,Living,
5/18/2021,Description Removed,15.96,Credit Card 1,Living,
5/18/2021,Description Removed,5.34,Credit Card 1,Living,
5/19/2021,Description Removed,7.36,Credit Card 1,Living,
5/19/2021,Description Removed,5.34,Credit Card 1,Living,
5/20/2021,Description Removed,28.58,Credit Card 1,Living,
5/20/2021,SEWAGE,17.48,Credit Card 2,Living,
5/20/2021,WATER,25.69,Bank,Living,
5/21/2021,Description Removed,1.87,Credit Card 1,Living,
5/21/2021,Description Removed,37.53,Credit Card 1,Car,
5/21/2021,Description Removed,77.33,Credit Card 1,Car,
5/22/2021,Description Removed,8.05,Credit Card 1,Living,
5/24/2021,ELECTRIC,53.13,Credit Card 2,Living,
5/26/2021,Description Removed,5.34,Credit Card 1,Living,
5/27/2021,Description Removed,39.78,Credit Card 1,Living,
5/28/2021,Description Removed,23.48,Credit Card 1,Living,
5/28/2021,Description Removed,5.34,Credit Card 1,Living,
5/29/2021,Description Removed,7.65,Credit Card 1,Living,
5/30/2021,Description Removed,1.59,Credit Card 1,Living,
5/31/2021,Description Removed,6.17,Credit Card 1,Living,
5/31/2021,Description Removed,29.83,Credit Card 1,Car,
6/1/2021,Description Removed,895,Bank,Living,
6/1/2021,Description Removed,10.52,Credit Card 1,Living,
6/1/2021,Description Removed,13.07,Credit Card 1,Living,
6/1/2021,Description Removed,66.44,Credit Card 1,Car,
6/2/2021,Description Removed,5.34,Credit Card 1,Living,
6/3/2021,Description Removed,1.06,Credit Card 1,Living,
6/3/2021,Description Removed,20.49,Credit Card 1,Living,
6/3/2021,Description Removed,5.34,Credit Card 1,Living,
6/4/2021,Description Removed,75,Bank,Gifts,
6/4/2021,Description Removed,50.17,Credit Card 1,Gifts,
6/5/2021,Description Removed,15.17,Credit Card 1,Living,
6/6/2021,Description Removed,14.75,Credit Card 1,Leisure,
6/7/2021,Description Removed,15,Bank,Leisure,
6/7/2021,Description Removed,28.62,Credit Card 1,Car,
6/7/2021,Description Removed,7.99,Credit Card 1,Music,
6/8/2021,Description Removed,23.37,Credit Card 1,Living,
6/8/2021,Description Removed,5.34,Credit Card 1,Living,
6/9/2021,Description Removed,9.28,Credit Card 1,Living,
6/9/2021,Description Removed,5.34,Credit Card 1,Living,
6/10/2021,Description Removed,35,Bank,Music,
6/10/2021,Description Removed,5.34,Credit Card 1,Living,
6/11/2021,Description Removed,48.75,Credit Card 1,Leisure,
6/11/2021,Description Removed,34.97,Credit Card 1,Living,
6/11/2021,Description Removed,22.44,Credit Card 1,Living,
6/12/2021,Description Removed,1.99,Credit Card 1,Leisure,
6/13/2021,Description Removed,6.31,Credit Card 1,Leisure,
6/14/2021,Description Removed,32.21,Credit Card 1,Car,
6/15/2021,Description Removed,27.74,Credit Card 1,Living,
6/15/2021,Description Removed,5.34,Credit Card 1,Living,
6/16/2021,Description Removed,35,Bank,Music,
6/17/2021,Description Removed,5.34,Credit Card 1,Living,
6/18/2021,Description Removed,80.95,Credit Card 2,Living,
6/18/2021,Description Removed,1.06,Credit Card 1,Living,
6/18/2021,SEWAGE,26.22,Credit Card 2,Living,
6/18/2021,Description Removed,15.54,Credit Card 1,Car,
6/18/2021,Description Removed,5.34,Credit Card 1,Living,
6/18/2021,WATER,27.22,Bank,Living,
6/19/2021,Description Removed,28.91,Credit Card 1,Living,
6/19/2021,Description Removed,5.34,Credit Card 1,Living,
6/19/2021,Description Removed,20.63,Gift Card,Leisure,
6/19/2021,Description Removed,47.7,Credit Card 1,Leisure,
6/21/2021,Description Removed,89.03,Credit Card 1,Gifts,
6/21/2021,Description Removed,19.01,Credit Card 1,Gifts,
6/23/2021,Description Removed,31.75,Credit Card 1,Living,
6/23/2021,Description Removed,32.12,Credit Card 1,Car,
6/23/2021,Description Removed,5.34,Credit Card 1,Living,
6/24/2021,Description Removed,5.34,Credit Card 1,Living,
6/25/2021,Description Removed,30.02,Credit Card 1,Living,
6/25/2021,Description Removed,5.34,Credit Card 1,Living,
6/26/2021,Description Removed,22.35,Credit Card 1,Living,
6/26/2021,Description Removed,0.75,Credit Card 2,Living,
6/26/2021,Description Removed,5.34,Credit Card 1,Living,
6/26/2021,Description Removed,20,Credit Card 1,Living,
6/27/2021,Description Removed,20.73,Credit Card 1,Living,
6/27/2021,Description Removed,14.75,Credit Card 1,Leisure,
6/28/2021,ELECTRIC,47.27,Credit Card 2,Living,
6/29/2021,Description Removed,15.06,Credit Card 1,Living,
6/29/2021,Description Removed,27.73,Credit Card 1,Car,
6/29/2021,Description Removed,5.34,Credit Card 1,Living,
6/30/2021,Description Removed,35,Bank,Music,
6/30/2021,Description Removed,5.34,Credit Card 1,Living,
7/1/2021,Description Removed,10.52,Credit Card 1,Living,
7/1/2021,Description Removed,13.07,Credit Card 1,Living,
7/1/2021,Description Removed,66.44,Credit Card 1,Car,
7/1/2021,Description Removed,12.07,Credit Card 1,Leisure,
7/2/2021,Description Removed,5.34,Credit Card 1,Living,
7/3/2021,Description Removed,12.34,Credit Card 1,Living,
7/3/2021,Description Removed,13.42,Credit Card 1,Living,
7/3/2021,Description Removed,77.03,Credit Card 1,Living,
7/3/2021,Description Removed,5.34,Credit Card 1,Living,
7/4/2021,Description Removed,13.64,Credit Card 1,Living,
7/4/2021,Description Removed,12.16,Credit Card 1,Leisure,
7/5/2021,Description Removed,31.77,Credit Card 1,Car,
7/6/2021,Description Removed,5.34,Credit Card 1,Living,
7/6/2021,Description Removed,5.34,Credit Card 1,Living,
7/8/2021,Description Removed,895,Bank,Living,
7/8/2021,Description Removed,1.95,Bank,Living,
7/8/2021,Description Removed,5.34,Credit Card 1,Living,
7/9/2021,Description Removed,5.24,Credit Card 1,Living,
7/9/2021,Description Removed,7.41,Credit Card 1,Living,
7/9/2021,Description Removed,34.51,Credit Card 1,Car,
7/9/2021,Description Removed,5.34,Credit Card 1,Living,
7/10/2021,Description Removed,12.61,Credit Card 1,Living,
7/10/2021,Description Removed,43.44,Credit Card 1,Living,
7/10/2021,Description Removed,5.34,Credit Card 1,Living,
7/11/2021,Description Removed,19.99,Credit Card 1,Music,
7/11/2021,Description Removed,5.34,Credit Card 1,Living,
7/12/2021,Description Removed,13.96,Credit Card 1,Leisure,
7/12/2021,Description Removed,35.92,Credit Card 1,Car,
7/12/2021,Description Removed,5.34,Credit Card 1,Living,
7/13/2021,Description Removed,8.47,Credit Card 1,Living,
7/15/2021,Description Removed,43,Cash,Gifts,
7/15/2021,Description Removed,24.14,Credit Card 1,Living,
7/16/2021,Description Removed,32.02,Credit Card 1,Car,
7/16/2021,Description Removed,5.34,Credit Card 1,Living,
7/16/2021,Description Removed,12.74,Gift Card,Leisure,
7/17/2021,Description Removed,7.73,Credit Card 1,Living,
7/17/2021,Description Removed,4.24,Credit Card 1,Living,
7/17/2021,Description Removed,31.72,Credit Card 1,Leisure,
7/17/2021,Description Removed,5.29,Credit Card 1,Living,
7/17/2021,Description Removed,5.34,Credit Card 1,Living,
7/18/2021,Description Removed,80.95,Credit Card 2,Living,
7/18/2021,Description Removed,0.53,Credit Card 1,Gifts,
7/18/2021,Description Removed,28.83,Credit Card 1,Living,
7/18/2021,Description Removed,14.75,Credit Card 1,Leisure,
7/20/2021,SEWAGE,34.96,Credit Card 2,Living,
7/20/2021,Description Removed,5.66,Credit Card 1,Living,
7/20/2021,WATER,35.04,Bank,Living,
7/21/2021,Description Removed,105.99,Gift Card,Leisure,
7/22/2021,Description Removed,5.34,Credit Card 1,Living,
7/23/2021,Description Removed,9.08,Credit Card 1,Living,
7/23/2021,Description Removed,42.17,Credit Card 1,Living,
7/23/2021,Description Removed,5.6,Credit Card 2,Car,
7/23/2021,Description Removed,248.8,Credit Card 2,Car,
7/23/2021,Description Removed,0.75,Credit Card 2,Car,
7/23/2021,Description Removed,17.5,Credit Card 1,Living,
7/24/2021,Description Removed,1.5,Credit Card 2,Car,
7/24/2021,Description Removed,5.34,Credit Card 1,Living,
7/25/2021,Description Removed,5.34,Credit Card 1,Living,
7/26/2021,ELECTRIC,42.04,Credit Card 2,Living,
7/26/2021,Description Removed,28.23,Credit Card 1,Car,
7/27/2021,Description Removed,2,Credit Card 2,Car,
7/27/2021,Description Removed,5.34,Credit Card 1,Living,
7/28/2021,Description Removed,29.38,Credit Card 1,Living,
7/29/2021,Description Removed,15.8,Credit Card 1,Living,
7/29/2021,Description Removed,5.34,Credit Card 1,Living,
7/31/2021,Description Removed,12.07,Gift Card,Living,
8/1/2021,Description Removed,10.52,Credit Card 1,Living,
8/1/2021,Description Removed,13.07,Credit Card 1,Living,
8/1/2021,Description Removed,66.44,Credit Card 1,Car,
8/1/2021,Description Removed,5.99,Credit Card 1,Living,
8/1/2021,Description Removed,24.15,Credit Card 1,Living,
8/1/2021,Description Removed,5.34,Credit Card 1,Living,
8/2/2021,Description Removed,895,Bank,Living,
8/2/2021,Description Removed,153.07,Credit Card 1,Leisure,
8/2/2021,Description Removed,1.95,Bank,Living,
8/2/2021,Description Removed,15.01,Cash,Leisure,
8/4/2021,Description Removed,8.91,Credit Card 1,Living,
8/4/2021,Description Removed,26.1,Credit Card 1,Car,
8/5/2021,Description Removed,4.99,Credit Card 1,Living,
8/5/2021,Description Removed,5.34,Credit Card 1,Living,
8/6/2021,Description Removed,11.88,Credit Card 1,Living,
8/6/2021,Description Removed,5.34,Credit Card 1,Living,
8/7/2021,Description Removed,3.9,Credit Card 1,Leisure,
8/7/2021,Description Removed,24.04,Credit Card 1,Leisure,
8/7/2021,Description Removed,16.96,Credit Card 1,Leisure,
8/7/2021,Description Removed,17,Credit Card 1,Living,
8/7/2021,Description Removed,5.34,Credit Card 1,Living,
8/8/2021,Description Removed,14.75,Credit Card 1,Leisure,
8/9/2021,Description Removed,26.25,Credit Card 1,Living,
8/9/2021,Description Removed,5.34,Credit Card 1,Living,
8/11/2021,Description Removed,5.34,Credit Card 1,Living,
8/12/2021,Description Removed,5.34,Credit Card 1,Living,
8/13/2021,Description Removed,62.54,Cash,Living,
8/13/2021,Description Removed,12,Bank,Leisure,
8/14/2021,Description Removed,23.94,Credit Card 1,Living,
8/14/2021,Description Removed,5.34,Credit Card 1,Living,
8/15/2021,Description Removed,100.8,Credit Card 1,Leisure,
8/16/2021,Description Removed,19.22,Credit Card 1,Living,
8/18/2021,Description Removed,80.95,Credit Card 2,Living,
8/18/2021,Description Removed,21.82,Credit Card 1,Living,
8/18/2021,Description Removed,29.21,Credit Card 1,Car,
8/19/2021,SEWAGE,26.22,Credit Card 2,Living,
8/19/2021,Description Removed,5.34,Credit Card 1,Living,
8/20/2021,Description Removed,26.21,Credit Card 1,Living,
8/20/2021,Description Removed,5.34,Credit Card 1,Living,
8/20/2021,WATER,27.22,Bank,Living,
8/21/2021,Description Removed,5.34,Credit Card 1,Living,
8/22/2021,Description Removed,11.65,Credit Card 1,Living,
8/22/2021,Description Removed,11.65,Credit Card 1,Living,
8/22/2021,Description Removed,7.39,Credit Card 1,Living,
8/22/2021,Description Removed,5.34,Credit Card 1,Living,
8/23/2021,ELECTRIC,50.71,Credit Card 2,Living,
8/23/2021,Description Removed,5.34,Credit Card 1,Living,
8/24/2021,Description Removed,16.42,Credit Card 1,Music,
8/25/2021,Description Removed,14.91,Credit Card 1,Living,
8/26/2021,Description Removed,5.34,Credit Card 1,Living,
8/27/2021,Description Removed,61,Credit Card 1,Healthcare,
8/27/2021,Description Removed,24.76,Credit Card 1,Car,
8/27/2021,Description Removed,5.34,Credit Card 1,Living,
8/28/2021,Description Removed,34.15,Credit Card 1,Living,
8/28/2021,Description Removed,5.34,Credit Card 1,Living,
8/29/2021,Description Removed,14.75,Credit Card 1,Leisure,
8/30/2021,Description Removed,17.09,Credit Card 1,Living,
8/30/2021,Description Removed,5.34,Credit Card 1,Living,
8/31/2021,Description Removed,6.31,Credit Card 1,Leisure,
8/31/2021,Description Removed,6.19,Credit Card 1,Living,
9/1/2021,Description Removed,10.52,Credit Card 1,Living,
9/1/2021,Description Removed,13.07,Credit Card 1,Living,
9/1/2021,Description Removed,66.44,Credit Card 1,Car,
10/1/2021,Description Removed,10.52,Credit Card 1,Living,
11/1/2021,Description Removed,10.52,Credit Card 1,Living,
12/1/2021,Description Removed,10.52,Credit Card 1,Living,
